{"armature":[{"defaultActions":[{"gotoAndPlay":"Animation2"}],"slot":[{"name":"Layer11","parent":"Layer11","color":{}},{"z":1,"name":"Layer12","parent":"Layer12","color":{}},{"z":2,"name":"Layer13","parent":"Layer13","color":{}},{"z":3,"name":"Layer13_Copy14","parent":"Layer13_Copy14","color":{}},{"z":4,"name":"Layer15","parent":"Layer15","color":{}},{"z":5,"name":"Layer15_Copy16","parent":"Layer15_Copy16","color":{}},{"z":6,"name":"Layer17","parent":"Layer17","color":{}},{"z":7,"name":"Layer17_Copy18","parent":"Layer17_Copy18","color":{}}],"type":"Armature","frameRate":60,"aabb":{"width":208,"y":-373.0022,"height":442.68600000000004,"x":-104.2142},"animation":[{"slot":[{"frame":[{"tweenEasing":0,"color":{"aM":0},"duration":16},{"tweenEasing":0,"color":{"aM":0},"duration":3},{"tweenEasing":0,"duration":3},{"tweenEasing":0,"duration":3},{"tweenEasing":0,"duration":33},{"tweenEasing":0,"duration":56},{"tweenEasing":null,"color":{"aM":0},"duration":1}],"name":"Layer17_Copy18"},{"frame":[{"tweenEasing":0,"color":{"aM":0},"duration":16},{"tweenEasing":0,"color":{"aM":0},"duration":3},{"tweenEasing":0,"color":{"aM":0},"duration":3},{"tweenEasing":0,"duration":3},{"tweenEasing":0,"duration":33},{"tweenEasing":0,"duration":56},{"tweenEasing":null,"color":{"aM":0},"duration":1}],"name":"Layer17"},{"frame":[{"tweenEasing":0,"color":{"aM":0},"duration":9},{"tweenEasing":0,"color":{"aM":0},"duration":3},{"tweenEasing":0,"duration":3},{"tweenEasing":0,"duration":3},{"tweenEasing":0,"color":{"aM":0},"duration":96},{"tweenEasing":null,"color":{"aM":0},"duration":1}],"name":"Layer15_Copy16"},{"frame":[{"tweenEasing":0,"color":{"aM":0},"duration":9},{"tweenEasing":0,"color":{"aM":0},"duration":3},{"tweenEasing":0,"duration":3},{"tweenEasing":0,"duration":3},{"tweenEasing":0,"color":{"aM":0},"duration":96},{"tweenEasing":null,"color":{"aM":0},"duration":1}],"name":"Layer15"},{"frame":[{"tweenEasing":0,"duration":3},{"tweenEasing":0,"duration":3},{"tweenEasing":0,"duration":3},{"tweenEasing":0,"duration":3},{"tweenEasing":0,"color":{"aM":0},"duration":103},{"tweenEasing":null,"color":{"aM":0},"duration":0}],"name":"Layer13_Copy14"},{"frame":[{"tweenEasing":0,"duration":3},{"tweenEasing":0,"duration":3},{"tweenEasing":0,"duration":3},{"tweenEasing":0,"duration":3},{"tweenEasing":0,"color":{"aM":0},"duration":103},{"tweenEasing":null,"color":{"aM":0},"duration":0}],"name":"Layer13"},{"frame":[{"tweenEasing":0,"duration":3},{"tweenEasing":0,"duration":3},{"tweenEasing":0,"color":{"aM":0},"duration":109},{"tweenEasing":null,"color":{"aM":0},"duration":0}],"name":"Layer12"},{"frame":[{"tweenEasing":0,"duration":6},{"tweenEasing":0,"displayIndex":1,"duration":6},{"tweenEasing":0,"displayIndex":2,"duration":6},{"tweenEasing":0,"displayIndex":3,"duration":6},{"tweenEasing":0,"displayIndex":4,"duration":6},{"tweenEasing":0,"displayIndex":5,"duration":6},{"tweenEasing":0,"displayIndex":6,"duration":6},{"tweenEasing":0,"displayIndex":7,"duration":6},{"tweenEasing":0,"displayIndex":8,"duration":6},{"tweenEasing":0,"displayIndex":9,"duration":6},{"tweenEasing":0,"displayIndex":10,"duration":49},{"tweenEasing":null,"displayIndex":10,"color":{"aM":0},"duration":6}],"name":"Layer11"}],"frame":[],"duration":115,"bone":[{"frame":[{"duration":16,"tweenEasing":0,"transform":{}},{"duration":3,"tweenEasing":0,"transform":{}},{"duration":3,"tweenEasing":0,"transform":{"y":-313.5455,"x":-0.0909,"scY":-1}},{"duration":3,"tweenEasing":0,"transform":{"y":-322.9455,"x":-0.1727,"scY":-1}},{"duration":33,"tweenEasing":0,"transform":{"y":-314.1455,"x":0.1091,"scY":-1,"scX":2.175}},{"duration":56,"tweenEasing":0,"transform":{"y":-314.1455,"x":0.0591,"scY":-1,"scX":0.3}},{"duration":1,"transform":{"y":-313.5455,"x":-0.0909,"scY":-1,"scX":0.1}}],"name":"Layer17_Copy18"},{"frame":[{"duration":16,"tweenEasing":0,"transform":{}},{"duration":3,"tweenEasing":0,"transform":{}},{"duration":3,"tweenEasing":0,"transform":{"y":10}},{"duration":3,"tweenEasing":0,"transform":{"y":1,"scX":0.925}},{"duration":33,"tweenEasing":0,"transform":{"y":10,"scX":2.175}},{"duration":56,"tweenEasing":0,"transform":{"y":10,"scX":0.3}},{"duration":1,"transform":{"y":10,"scX":0.1}}],"name":"Layer17"},{"frame":[{"duration":9,"tweenEasing":0,"transform":{}},{"duration":3,"tweenEasing":0,"transform":{}},{"duration":3,"tweenEasing":0,"transform":{"y":-343,"x":-0.9091,"scY":-1}},{"duration":3,"tweenEasing":0,"transform":{"y":-343,"x":-0.9091,"scY":-1}},{"duration":96,"tweenEasing":0,"transform":{"y":-340,"x":-0.9091,"scY":-1}},{"duration":1,"transform":{"y":-341,"x":-0.9091,"scY":-1}}],"name":"Layer15_Copy16"},{"frame":[{"duration":9,"tweenEasing":0,"transform":{}},{"duration":3,"tweenEasing":0,"transform":{}},{"duration":3,"tweenEasing":0,"transform":{"y":1.8182,"x":-0.9091}},{"duration":3,"tweenEasing":0,"transform":{"y":1.8182,"x":-0.9091}},{"duration":96,"tweenEasing":0,"transform":{"y":1.8182,"x":-0.9091}},{"duration":1,"transform":{"y":1.8182,"x":-0.9091}}],"name":"Layer15"},{"frame":[{"duration":3,"tweenEasing":0,"transform":{"y":-341.8182,"x":-5.4546,"scY":-1}},{"duration":3,"tweenEasing":0,"transform":{"y":-341.8182,"x":-5.4546,"scY":-1}},{"duration":3,"tweenEasing":0,"transform":{"y":-341.8182,"x":10.9091,"scY":-1,"scX":-1}},{"duration":3,"tweenEasing":0,"transform":{"y":-341.8182,"x":10.9091,"scY":-1,"scX":-1}},{"duration":103,"tweenEasing":0,"transform":{"y":-341.8182,"x":10.9091,"scY":-1,"scX":-1}},{"duration":0,"transform":{"y":-341.8182,"x":10.9091,"scY":-1,"scX":-1}}],"name":"Layer13_Copy14"},{"frame":[{"duration":3,"tweenEasing":0,"transform":{"y":6.3636,"x":-4.5455}},{"duration":3,"tweenEasing":0,"transform":{"y":6.3636,"x":-4.5455}},{"duration":3,"tweenEasing":0,"transform":{"y":5.4545,"x":10,"scX":-1}},{"duration":3,"tweenEasing":0,"transform":{"y":5.4545,"x":10,"scX":-1}},{"duration":103,"tweenEasing":0,"transform":{"y":5.4545,"x":10,"scX":-1}},{"duration":0,"transform":{"y":5.4545,"x":10,"scX":-1}}],"name":"Layer13"},{"frame":[{"duration":3,"tweenEasing":0,"transform":{"y":18.1818,"x":7.2727}},{"duration":3,"tweenEasing":0,"transform":{"y":18.1818,"x":7.2727}},{"duration":109,"tweenEasing":0,"transform":{"y":18.1818,"x":7.2727}},{"duration":0,"transform":{"y":18.1818,"x":7.2727}}],"name":"Layer12"},{"frame":[{"duration":6,"tweenEasing":0,"transform":{}},{"duration":6,"tweenEasing":0,"transform":{}},{"duration":6,"tweenEasing":0,"transform":{}},{"duration":6,"tweenEasing":0,"transform":{}},{"duration":6,"tweenEasing":0,"transform":{}},{"duration":6,"tweenEasing":0,"transform":{}},{"duration":6,"tweenEasing":0,"transform":{}},{"duration":6,"tweenEasing":0,"transform":{}},{"duration":6,"tweenEasing":0,"transform":{}},{"duration":6,"tweenEasing":0,"transform":{}},{"duration":49,"tweenEasing":0,"transform":{}},{"duration":6,"transform":{}}],"name":"Layer11"},{"frame":[{"duration":115,"transform":{}}],"name":"root"}],"ffd":[],"name":"Animation2"}],"ik":[],"skin":[{"name":"","slot":[{"display":[{"path":"TX4_2","type":"image","name":"TX4_2","transform":{}}],"name":"Layer17_Copy18"},{"display":[{"path":"TX4_2","type":"image","name":"TX4_2","transform":{}}],"name":"Layer17"},{"display":[{"path":"TX3_2","type":"image","name":"TX3_2","transform":{}}],"name":"Layer15_Copy16"},{"display":[{"path":"TX3_2","type":"image","name":"TX3_2","transform":{}}],"name":"Layer15"},{"display":[{"path":"TX1_3","type":"image","name":"TX1_3","transform":{}}],"name":"Layer13_Copy14"},{"display":[{"path":"TX1_3","type":"image","name":"TX1_3","transform":{}}],"name":"Layer13"},{"display":[{"path":"TX1_2","type":"image","name":"TX1_2","transform":{}}],"name":"Layer12"},{"display":[{"path":"TX1_1","type":"image","name":"TX1_1","transform":{}},{"path":"TX2_1","type":"image","name":"TX2_1","transform":{}},{"path":"TX3_1","type":"image","name":"TX3_1","transform":{}},{"path":"TX4_1","type":"image","name":"TX4_1","transform":{}},{"path":"TX5_1","type":"image","name":"TX5_1","transform":{}},{"path":"TX6_1","type":"image","name":"TX6_1","transform":{}},{"path":"TX7_1","type":"image","name":"TX7_1","transform":{}},{"path":"TX8_1","type":"image","name":"TX8_1","transform":{}},{"path":"TX9_1","type":"image","name":"TX9_1","transform":{}},{"path":"TX10_1","type":"image","name":"TX10_1","transform":{}},{"path":"TX11_1","type":"image","name":"TX11_1","transform":{}}],"name":"Layer11"}]}],"bone":[{"name":"root","transform":{}},{"inheritScale":false,"transform":{"y":-180.8788,"x":0.868},"name":"Layer15","parent":"root"},{"inheritScale":false,"transform":{"y":-105.3593,"x":-2.7035},"name":"Layer12","parent":"root"},{"inheritScale":false,"transform":{"y":-187.5022,"x":-8.4177},"name":"Layer13","parent":"root"},{"inheritScale":false,"transform":{"y":-187.5022,"x":-8.4177},"name":"Layer13_Copy14","parent":"root"},{"inheritScale":false,"transform":{"y":-14.3162,"x":-0.2142},"name":"Layer11","parent":"root"},{"inheritScale":false,"transform":{"y":-180.8788,"x":0.868},"name":"Layer15_Copy16","parent":"root"},{"inheritScale":false,"transform":{"y":-175.4243,"x":1.7771},"name":"Layer17","parent":"root"},{"inheritScale":false,"transform":{"y":-175.4243,"x":1.7771},"name":"Layer17_Copy18","parent":"root"}],"name":"armatureName"}],"frameRate":60,"name":"texiao_hupai","version":"4.0","isGlobal":0}