{"frameRate":60,"armature":[{"bone":[{"name":"root","transform":{}},{"inheritScale":false,"transform":{"y":-6.6733,"x":-4.0982},"name":"Layer1","parent":"root"},{"inheritScale":false,"transform":{},"name":"Layer3","parent":"root"},{"inheritScale":false,"transform":{"y":-6.6733,"x":0.9018},"name":"Layer4","parent":"root"},{"inheritScale":false,"transform":{},"name":"Layer2","parent":"root"},{"inheritScale":false,"transform":{"y":-6.6733,"x":-4.0982},"name":"Layer1_Copy2","parent":"root"},{"inheritScale":false,"transform":{"y":-6.6733,"x":-4.0982},"name":"Layer1_Copy2_Copy3","parent":"root"}],"skin":[{"name":"","slot":[{"display":[{"path":"xl_guang","type":"image","name":"xl_guang","transform":{}}],"name":"Layer1"},{"display":[{"path":"xl_guang","type":"image","name":"xl_guang","transform":{}}],"name":"Layer1_Copy2"},{"display":[{"path":"xl_guang","type":"image","name":"xl_guang","transform":{}}],"name":"Layer1_Copy2_Copy3"},{"display":[{"path":"xl_hu1","type":"image","name":"xl_hu1","transform":{}}],"name":"Layer2"},{"display":[{"path":"xl_hu2","type":"image","name":"xl_hu2","transform":{}}],"name":"Layer3"},{"display":[{"path":"xl_hu3","type":"image","name":"xl_hu3","transform":{}}],"name":"Layer4"}]}],"type":"Armature","frameRate":60,"defaultActions":[{"gotoAndPlay":"Animation1"}],"ik":[],"aabb":{"width":470,"y":-204,"height":408,"x":-235},"slot":[{"name":"Layer2","parent":"Layer2","color":{}},{"z":1,"name":"Layer3","parent":"Layer3","color":{}},{"z":2,"name":"Layer4","parent":"Layer4","color":{}},{"z":3,"name":"Layer1","parent":"Layer1","color":{}},{"z":4,"name":"Layer1_Copy2","parent":"Layer1_Copy2","color":{}},{"z":5,"name":"Layer1_Copy2_Copy3","parent":"Layer1_Copy2_Copy3","color":{}}],"name":"armatureName","animation":[{"bone":[{"frame":[{"tweenEasing":0,"duration":39,"transform":{"y":35,"scX":0,"scY":0,"x":20}},{"tweenEasing":0,"duration":18,"transform":{"y":35,"scX":0,"scY":0,"x":20}},{"tweenEasing":0,"duration":18,"transform":{"y":35,"scX":0.4,"scY":0.4,"x":20}},{"duration":0,"transform":{"y":35,"scX":0,"scY":0,"x":20}}],"name":"Layer1_Copy2_Copy3"},{"frame":[{"tweenEasing":0,"duration":30,"transform":{"skY":32,"y":-21,"scX":0,"scY":0,"skX":32,"x":-26}},{"tweenEasing":0,"duration":18,"transform":{"skY":32,"y":-21,"scX":0,"scY":0,"skX":32,"x":-26}},{"tweenEasing":0,"duration":18,"transform":{"skY":32,"y":-21,"scX":0.4,"scY":0.4,"skX":32,"x":-26}},{"duration":9,"transform":{"skY":32,"y":-21,"scX":0,"scY":0,"skX":32,"x":-26}}],"name":"Layer1_Copy2"},{"frame":[{"tweenEasing":0,"duration":21,"transform":{"scX":0,"scY":0}},{"tweenEasing":0,"duration":18,"transform":{"scX":0,"scY":0}},{"tweenEasing":0,"duration":18,"transform":{"scX":0.4,"scY":0.4}},{"duration":18,"transform":{"scX":0,"scY":0}}],"name":"Layer1"},{"frame":[{"tweenEasing":0,"duration":24,"transform":{"scX":0,"scY":0}},{"tweenEasing":0,"duration":51,"transform":{}},{"duration":0,"transform":{"scX":1.3,"scY":1.3}}],"name":"Layer4"},{"frame":[{"tweenEasing":0,"duration":24,"transform":{"scX":0,"scY":0}},{"tweenEasing":0,"duration":51,"transform":{}},{"duration":0,"transform":{"scX":1.3,"scY":1.3}}],"name":"Layer3"},{"frame":[{"tweenEasing":0,"duration":30,"transform":{"scX":0,"scY":0}},{"tweenEasing":0,"duration":45,"transform":{"skY":59,"y":7,"skX":59,"x":-19}},{"duration":0,"transform":{"skY":126.0001,"y":4,"skX":126.0001,"x":-15}}],"name":"Layer2"},{"frame":[{"duration":75,"transform":{}}],"name":"root"}],"frame":[],"duration":75,"ik":[],"slot":[{"frame":[{"tweenEasing":0,"duration":39},{"tweenEasing":0,"duration":18},{"tweenEasing":0,"duration":18},{"tweenEasing":null,"duration":0}],"name":"Layer1_Copy2_Copy3"},{"frame":[{"tweenEasing":0,"duration":30},{"tweenEasing":0,"duration":18},{"tweenEasing":0,"duration":18},{"tweenEasing":null,"duration":9}],"name":"Layer1_Copy2"},{"frame":[{"tweenEasing":0,"duration":21},{"tweenEasing":0,"duration":18},{"tweenEasing":0,"duration":18},{"tweenEasing":null,"duration":18}],"name":"Layer1"},{"frame":[{"tweenEasing":0,"duration":24,"color":{"aM":0}},{"tweenEasing":0,"duration":51,"color":{"aM":39}},{"tweenEasing":null,"duration":0,"color":{"aM":0}}],"name":"Layer4"},{"frame":[{"tweenEasing":0,"duration":24,"color":{"aM":0}},{"tweenEasing":0,"duration":51},{"tweenEasing":null,"duration":0,"color":{"aM":0}}],"name":"Layer3"},{"frame":[{"tweenEasing":0,"duration":30,"color":{"aM":0}},{"tweenEasing":0,"duration":45},{"tweenEasing":null,"duration":0,"color":{"aM":0}}],"name":"Layer2"}],"name":"Animation1","ffd":[]}]}],"isGlobal":0,"name":"XL_hupai2","version":"4.0"}