{"frameRate":60,"armature":[{"ik":[],"type":"Armature","frameRate":60,"defaultActions":[{"gotoAndPlay":"1"}],"skin":[{"slot":[{"display":[{"path":"3_1","type":"image","name":"3_1","transform":{}},{"path":"3_2","type":"image","name":"3_2","transform":{}},{"path":"3_3","type":"image","name":"3_3","transform":{}},{"path":"3_4","type":"image","name":"3_4","transform":{}},{"path":"3_5","type":"image","name":"3_5","transform":{}},{"path":"3_6","type":"image","name":"3_6","transform":{}}],"name":"Layer17"},{"display":[{"path":"4_2","type":"image","name":"4_2","transform":{}},{"path":"4_3","type":"image","name":"4_3","transform":{}},{"path":"4_4","type":"image","name":"4_4","transform":{}},{"path":"4_5","type":"image","name":"4_5","transform":{}}],"name":"Layer28"},{"display":[{"path":"5_1","type":"image","name":"5_1","transform":{}},{"path":"5_2","type":"image","name":"5_2","transform":{}},{"path":"5_3","type":"image","name":"5_3","transform":{}}],"name":"Layer32"},{"display":[{"path":"1_3","type":"image","name":"1_3","transform":{}}],"name":"1_3"},{"display":[{"path":"1_2","type":"image","name":"1_2","transform":{}}],"name":"1_2"},{"display":[{"path":"1_1","type":"image","name":"1_1","transform":{}}],"name":"1_1"},{"display":[{"path":"2_0","type":"image","name":"2_0","transform":{}}],"name":"Layer16"},{"display":[{"path":"2_1","type":"image","name":"2_1","transform":{}},{"path":"2_2","type":"image","name":"2_2","transform":{}},{"path":"2_3","type":"image","name":"2_3","transform":{}},{"path":"2_4","type":"image","name":"2_4","transform":{}},{"path":"2_5","type":"image","name":"2_5","transform":{}},{"path":"2_6","type":"image","name":"2_6","transform":{}}],"name":"Layer15"},{"display":[{"path":"4_1","type":"image","name":"4_1","transform":{}}],"name":"Layer27"},{"display":[{"path":"6_1","type":"image","name":"6_1","transform":{}},{"path":"6_2","type":"image","name":"6_2","transform":{}},{"path":"6_3","type":"image","name":"6_3","transform":{}},{"path":"6_4","type":"image","name":"6_4","transform":{}},{"path":"6_5","type":"image","name":"6_5","transform":{}}],"name":"Layer33"},{"display":[{"path":"3_0","type":"image","name":"3_0","transform":{}}],"name":"Layer18"}],"name":""}],"aabb":{"width":272.47860000000003,"y":-86.3185,"height":169.9249,"x":-88.0788},"animation":[{"frame":[],"slot":[{"frame":[{"tweenEasing":0,"duration":2},{"tweenEasing":0,"duration":2},{"tweenEasing":0,"duration":2},{"tweenEasing":0,"duration":2},{"tweenEasing":0,"duration":2},{"tweenEasing":0,"duration":2},{"tweenEasing":0,"duration":2},{"tweenEasing":0,"duration":2},{"tweenEasing":0,"duration":2},{"tweenEasing":0,"duration":2},{"tweenEasing":0,"duration":2},{"tweenEasing":0,"duration":2},{"tweenEasing":0,"duration":2},{"tweenEasing":0,"duration":2},{"tweenEasing":0,"duration":2},{"tweenEasing":0,"duration":2},{"tweenEasing":0,"duration":2},{"tweenEasing":0,"duration":2},{"tweenEasing":0,"duration":2},{"tweenEasing":0,"duration":2},{"tweenEasing":0,"duration":2},{"tweenEasing":0,"duration":2},{"tweenEasing":0,"duration":2},{"tweenEasing":0,"duration":2},{"tweenEasing":0,"duration":2},{"tweenEasing":0,"duration":2},{"tweenEasing":0,"duration":2},{"tweenEasing":0,"duration":2},{"tweenEasing":0,"duration":2},{"tweenEasing":0,"duration":2},{"tweenEasing":0,"duration":2},{"tweenEasing":0,"duration":2},{"tweenEasing":0,"duration":2},{"tweenEasing":0,"duration":2},{"tweenEasing":0,"duration":2},{"tweenEasing":0,"duration":2},{"tweenEasing":0,"duration":2},{"tweenEasing":0,"duration":2},{"tweenEasing":0,"duration":2},{"tweenEasing":0,"duration":2},{"tweenEasing":0,"duration":2},{"tweenEasing":0,"duration":2},{"tweenEasing":0,"duration":2},{"tweenEasing":0,"duration":2},{"tweenEasing":0,"duration":2},{"tweenEasing":0,"duration":2},{"tweenEasing":0,"duration":2},{"tweenEasing":0,"duration":2},{"tweenEasing":0,"duration":2},{"tweenEasing":null,"duration":0}],"name":"1_3"},{"frame":[{"tweenEasing":0,"duration":2},{"tweenEasing":0,"duration":2},{"tweenEasing":0,"duration":2},{"tweenEasing":0,"duration":2},{"tweenEasing":0,"duration":2},{"tweenEasing":0,"duration":2},{"tweenEasing":0,"duration":2},{"tweenEasing":0,"duration":2},{"tweenEasing":0,"duration":2},{"tweenEasing":0,"duration":2},{"tweenEasing":0,"duration":2},{"tweenEasing":0,"duration":2},{"tweenEasing":0,"duration":2},{"tweenEasing":0,"duration":2},{"tweenEasing":0,"duration":2},{"tweenEasing":0,"duration":2},{"tweenEasing":0,"duration":2},{"tweenEasing":0,"duration":2},{"tweenEasing":0,"duration":2},{"tweenEasing":0,"duration":2},{"tweenEasing":0,"duration":2},{"tweenEasing":0,"duration":2},{"tweenEasing":0,"duration":2},{"tweenEasing":0,"duration":2},{"tweenEasing":0,"duration":2},{"tweenEasing":0,"duration":2},{"tweenEasing":0,"duration":2},{"tweenEasing":0,"duration":2},{"tweenEasing":0,"duration":2},{"tweenEasing":0,"duration":2},{"tweenEasing":0,"duration":2},{"tweenEasing":0,"duration":2},{"tweenEasing":0,"duration":2},{"tweenEasing":0,"duration":2},{"tweenEasing":0,"duration":2},{"tweenEasing":0,"duration":2},{"tweenEasing":0,"duration":2},{"tweenEasing":0,"duration":2},{"tweenEasing":0,"duration":2},{"tweenEasing":0,"duration":2},{"tweenEasing":0,"duration":2},{"tweenEasing":0,"duration":2},{"tweenEasing":0,"duration":2},{"tweenEasing":0,"duration":2},{"tweenEasing":0,"duration":2},{"tweenEasing":0,"duration":2},{"tweenEasing":0,"duration":2},{"tweenEasing":0,"duration":2},{"tweenEasing":0,"duration":2},{"tweenEasing":null,"duration":0}],"name":"1_2"},{"frame":[{"tweenEasing":0,"duration":4},{"tweenEasing":0,"duration":4},{"tweenEasing":0,"duration":4},{"tweenEasing":0,"duration":4},{"tweenEasing":0,"duration":4},{"tweenEasing":0,"duration":4},{"tweenEasing":0,"duration":4},{"tweenEasing":0,"duration":4},{"tweenEasing":0,"duration":4},{"tweenEasing":0,"duration":4},{"tweenEasing":0,"duration":4},{"tweenEasing":0,"duration":4},{"tweenEasing":0,"duration":4},{"tweenEasing":0,"duration":4},{"tweenEasing":0,"duration":4},{"tweenEasing":0,"duration":4},{"tweenEasing":0,"duration":4},{"tweenEasing":0,"duration":4},{"tweenEasing":0,"duration":4},{"tweenEasing":0,"duration":4},{"tweenEasing":0,"duration":2},{"tweenEasing":0,"duration":4},{"tweenEasing":0,"duration":2},{"tweenEasing":0,"duration":4},{"tweenEasing":0,"duration":2},{"tweenEasing":0,"duration":4},{"tweenEasing":null,"duration":0}],"name":"1_1"},{"frame":[{"tweenEasing":null,"duration":98,"displayIndex":-1}],"name":"Layer15"},{"frame":[{"tweenEasing":null,"duration":98,"displayIndex":-1}],"name":"Layer16"},{"frame":[{"tweenEasing":null,"duration":98,"displayIndex":-1}],"name":"Layer17"},{"frame":[{"tweenEasing":null,"duration":98,"displayIndex":-1}],"name":"Layer18"},{"frame":[{"tweenEasing":null,"duration":98,"displayIndex":-1}],"name":"Layer27"},{"frame":[{"tweenEasing":null,"duration":98,"displayIndex":-1}],"name":"Layer28"},{"frame":[{"tweenEasing":null,"duration":98,"displayIndex":-1}],"name":"Layer32"},{"frame":[{"tweenEasing":null,"duration":98,"displayIndex":-1}],"name":"Layer33"}],"duration":98,"name":"1","bone":[{"frame":[{"duration":2,"transform":{},"tweenEasing":0},{"duration":2,"transform":{},"tweenEasing":0},{"duration":2,"transform":{"y":3},"tweenEasing":0},{"duration":2,"transform":{"y":3},"tweenEasing":0},{"duration":2,"transform":{},"tweenEasing":0},{"duration":2,"transform":{},"tweenEasing":0},{"duration":2,"transform":{"y":3},"tweenEasing":0},{"duration":2,"transform":{"y":3},"tweenEasing":0},{"duration":2,"transform":{},"tweenEasing":0},{"duration":2,"transform":{},"tweenEasing":0},{"duration":2,"transform":{"y":3},"tweenEasing":0},{"duration":2,"transform":{"y":3},"tweenEasing":0},{"duration":2,"transform":{},"tweenEasing":0},{"duration":2,"transform":{},"tweenEasing":0},{"duration":2,"transform":{"y":3},"tweenEasing":0},{"duration":2,"transform":{"y":3},"tweenEasing":0},{"duration":2,"transform":{},"tweenEasing":0},{"duration":2,"transform":{},"tweenEasing":0},{"duration":2,"transform":{"y":3},"tweenEasing":0},{"duration":2,"transform":{"y":3},"tweenEasing":0},{"duration":2,"transform":{},"tweenEasing":0},{"duration":2,"transform":{},"tweenEasing":0},{"duration":2,"transform":{"y":3},"tweenEasing":0},{"duration":2,"transform":{"y":3},"tweenEasing":0},{"duration":2,"transform":{},"tweenEasing":0},{"duration":2,"transform":{},"tweenEasing":0},{"duration":2,"transform":{"y":3},"tweenEasing":0},{"duration":2,"transform":{"y":3},"tweenEasing":0},{"duration":2,"transform":{},"tweenEasing":0},{"duration":2,"transform":{},"tweenEasing":0},{"duration":2,"transform":{"y":3},"tweenEasing":0},{"duration":2,"transform":{"y":3},"tweenEasing":0},{"duration":2,"transform":{},"tweenEasing":0},{"duration":2,"transform":{},"tweenEasing":0},{"duration":2,"transform":{"y":3},"tweenEasing":0},{"duration":2,"transform":{"y":3},"tweenEasing":0},{"duration":2,"transform":{},"tweenEasing":0},{"duration":2,"transform":{},"tweenEasing":0},{"duration":2,"transform":{"y":3},"tweenEasing":0},{"duration":2,"transform":{"y":3},"tweenEasing":0},{"duration":2,"transform":{},"tweenEasing":0},{"duration":2,"transform":{"y":3},"tweenEasing":0},{"duration":2,"transform":{"y":3},"tweenEasing":0},{"duration":2,"transform":{},"tweenEasing":0},{"duration":2,"transform":{"y":3},"tweenEasing":0},{"duration":2,"transform":{"y":3},"tweenEasing":0},{"duration":2,"transform":{},"tweenEasing":0},{"duration":2,"transform":{"y":3},"tweenEasing":0},{"duration":2,"transform":{"y":3},"tweenEasing":0},{"duration":0,"transform":{}}],"name":"1_3"},{"frame":[{"duration":2,"transform":{},"tweenEasing":0},{"duration":2,"transform":{},"tweenEasing":0},{"duration":2,"transform":{"y":3},"tweenEasing":0},{"duration":2,"transform":{"y":3},"tweenEasing":0},{"duration":2,"transform":{},"tweenEasing":0},{"duration":2,"transform":{},"tweenEasing":0},{"duration":2,"transform":{"y":3},"tweenEasing":0},{"duration":2,"transform":{"y":3},"tweenEasing":0},{"duration":2,"transform":{},"tweenEasing":0},{"duration":2,"transform":{},"tweenEasing":0},{"duration":2,"transform":{"y":3},"tweenEasing":0},{"duration":2,"transform":{"y":3},"tweenEasing":0},{"duration":2,"transform":{},"tweenEasing":0},{"duration":2,"transform":{},"tweenEasing":0},{"duration":2,"transform":{"y":3},"tweenEasing":0},{"duration":2,"transform":{"y":3},"tweenEasing":0},{"duration":2,"transform":{},"tweenEasing":0},{"duration":2,"transform":{},"tweenEasing":0},{"duration":2,"transform":{"y":3},"tweenEasing":0},{"duration":2,"transform":{"y":3},"tweenEasing":0},{"duration":2,"transform":{},"tweenEasing":0},{"duration":2,"transform":{},"tweenEasing":0},{"duration":2,"transform":{"y":3},"tweenEasing":0},{"duration":2,"transform":{"y":3},"tweenEasing":0},{"duration":2,"transform":{},"tweenEasing":0},{"duration":2,"transform":{},"tweenEasing":0},{"duration":2,"transform":{"y":3},"tweenEasing":0},{"duration":2,"transform":{"y":3},"tweenEasing":0},{"duration":2,"transform":{},"tweenEasing":0},{"duration":2,"transform":{},"tweenEasing":0},{"duration":2,"transform":{"y":3},"tweenEasing":0},{"duration":2,"transform":{"y":3},"tweenEasing":0},{"duration":2,"transform":{},"tweenEasing":0},{"duration":2,"transform":{},"tweenEasing":0},{"duration":2,"transform":{"y":3},"tweenEasing":0},{"duration":2,"transform":{"y":3},"tweenEasing":0},{"duration":2,"transform":{},"tweenEasing":0},{"duration":2,"transform":{},"tweenEasing":0},{"duration":2,"transform":{"y":3},"tweenEasing":0},{"duration":2,"transform":{"y":3},"tweenEasing":0},{"duration":2,"transform":{},"tweenEasing":0},{"duration":2,"transform":{"y":3},"tweenEasing":0},{"duration":2,"transform":{"y":3},"tweenEasing":0},{"duration":2,"transform":{},"tweenEasing":0},{"duration":2,"transform":{"y":3},"tweenEasing":0},{"duration":2,"transform":{"y":3},"tweenEasing":0},{"duration":2,"transform":{},"tweenEasing":0},{"duration":2,"transform":{"y":3},"tweenEasing":0},{"duration":2,"transform":{"y":3},"tweenEasing":0},{"duration":0,"transform":{}}],"name":"1_2"},{"frame":[{"duration":4,"transform":{},"tweenEasing":0},{"duration":4,"transform":{"y":2},"tweenEasing":0},{"duration":4,"transform":{},"tweenEasing":0},{"duration":4,"transform":{"y":2},"tweenEasing":0},{"duration":4,"transform":{},"tweenEasing":0},{"duration":4,"transform":{"y":2},"tweenEasing":0},{"duration":4,"transform":{},"tweenEasing":0},{"duration":4,"transform":{"y":2},"tweenEasing":0},{"duration":4,"transform":{},"tweenEasing":0},{"duration":4,"transform":{"y":2},"tweenEasing":0},{"duration":4,"transform":{},"tweenEasing":0},{"duration":4,"transform":{"y":2},"tweenEasing":0},{"duration":4,"transform":{},"tweenEasing":0},{"duration":4,"transform":{"y":2},"tweenEasing":0},{"duration":4,"transform":{},"tweenEasing":0},{"duration":4,"transform":{"y":2},"tweenEasing":0},{"duration":4,"transform":{},"tweenEasing":0},{"duration":4,"transform":{"y":2},"tweenEasing":0},{"duration":4,"transform":{},"tweenEasing":0},{"duration":4,"transform":{"y":2},"tweenEasing":0},{"duration":2,"transform":{},"tweenEasing":0},{"duration":4,"transform":{"y":2},"tweenEasing":0},{"duration":2,"transform":{},"tweenEasing":0},{"duration":4,"transform":{"y":2},"tweenEasing":0},{"duration":2,"transform":{},"tweenEasing":0},{"duration":4,"transform":{"y":2},"tweenEasing":0},{"duration":0,"transform":{}}],"name":"1_1"},{"frame":[{"duration":98,"transform":{}}],"name":"root"},{"frame":[{"duration":98,"transform":{}}],"name":"Layer17"},{"frame":[{"duration":98,"transform":{}}],"name":"Layer15"},{"frame":[{"duration":98,"transform":{}}],"name":"Layer16"},{"frame":[{"duration":98,"transform":{}}],"name":"Layer18"},{"frame":[{"duration":98,"transform":{}}],"name":"Layer27"},{"frame":[{"duration":98,"transform":{}}],"name":"Layer28"},{"frame":[{"duration":98,"transform":{}}],"name":"Layer32"},{"frame":[{"duration":98,"transform":{}}],"name":"Layer33"}],"ffd":[]},{"frame":[],"slot":[{"frame":[{"tweenEasing":0,"duration":14,"color":{"aM":0}},{"tweenEasing":0,"duration":2,"color":{"aM":0}},{"tweenEasing":0,"duration":6},{"tweenEasing":0,"duration":4},{"tweenEasing":0,"duration":6},{"tweenEasing":0,"duration":6},{"tweenEasing":0,"duration":6},{"tweenEasing":0,"duration":6},{"tweenEasing":0,"duration":6},{"tweenEasing":0,"duration":6},{"tweenEasing":0,"duration":6},{"tweenEasing":0,"duration":6},{"tweenEasing":0,"duration":6},{"tweenEasing":0,"duration":6},{"tweenEasing":0,"duration":6},{"tweenEasing":0,"duration":6},{"tweenEasing":null,"duration":0}],"name":"Layer16"},{"frame":[{"tweenEasing":0,"duration":4},{"tweenEasing":0,"duration":4,"displayIndex":1},{"tweenEasing":0,"duration":4,"displayIndex":2},{"tweenEasing":0,"duration":4,"displayIndex":3},{"tweenEasing":0,"duration":6,"displayIndex":4},{"tweenEasing":0,"duration":4,"displayIndex":5},{"tweenEasing":0,"duration":6,"displayIndex":5},{"tweenEasing":0,"duration":6,"displayIndex":5},{"tweenEasing":0,"duration":6,"displayIndex":5},{"tweenEasing":0,"duration":6,"displayIndex":5},{"tweenEasing":0,"duration":6,"displayIndex":5},{"tweenEasing":0,"duration":6,"displayIndex":5},{"tweenEasing":0,"duration":6,"displayIndex":5},{"tweenEasing":0,"duration":6,"displayIndex":5},{"tweenEasing":0,"duration":6,"displayIndex":5},{"tweenEasing":0,"duration":6,"displayIndex":5},{"tweenEasing":0,"duration":6,"displayIndex":5},{"tweenEasing":0,"duration":6,"displayIndex":5},{"tweenEasing":null,"duration":0,"displayIndex":5}],"name":"Layer15"},{"frame":[{"tweenEasing":0,"duration":98},{"tweenEasing":null,"duration":0}],"name":"1_1"},{"frame":[{"tweenEasing":null,"duration":98,"displayIndex":-1}],"name":"1_2"},{"frame":[{"tweenEasing":null,"duration":98,"displayIndex":-1}],"name":"1_3"},{"frame":[{"tweenEasing":null,"duration":98,"displayIndex":-1}],"name":"Layer17"},{"frame":[{"tweenEasing":null,"duration":98,"displayIndex":-1}],"name":"Layer18"},{"frame":[{"tweenEasing":null,"duration":98,"displayIndex":-1}],"name":"Layer27"},{"frame":[{"tweenEasing":null,"duration":98,"displayIndex":-1}],"name":"Layer28"},{"frame":[{"tweenEasing":null,"duration":98,"displayIndex":-1}],"name":"Layer32"},{"frame":[{"tweenEasing":null,"duration":98,"displayIndex":-1}],"name":"Layer33"}],"duration":98,"name":"2","bone":[{"frame":[{"duration":14,"transform":{"y":108.5555,"x":-150.3333},"tweenEasing":0},{"duration":2,"transform":{"y":108.5555,"x":-150.3333},"tweenEasing":0},{"duration":6,"transform":{"skY":18,"y":105,"skX":18,"x":-144.2963},"tweenEasing":0},{"duration":4,"transform":{"y":93,"x":-132.2222},"tweenEasing":0},{"duration":6,"transform":{"y":100,"x":-132.2222},"tweenEasing":0},{"duration":6,"transform":{"y":91,"x":-132.2222},"tweenEasing":0},{"duration":6,"transform":{"y":96,"x":-132.2222},"tweenEasing":0},{"duration":6,"transform":{"y":97,"x":-132.2222},"tweenEasing":0},{"duration":6,"transform":{"y":93,"x":-132.2222},"tweenEasing":0},{"duration":6,"transform":{"y":97,"x":-132.2222},"tweenEasing":0},{"duration":6,"transform":{"y":93,"x":-132.2222},"tweenEasing":0},{"duration":6,"transform":{"y":97,"x":-132.2222},"tweenEasing":0},{"duration":6,"transform":{"y":93,"x":-132.2222},"tweenEasing":0},{"duration":6,"transform":{"y":97,"x":-132.2222},"tweenEasing":0},{"duration":6,"transform":{"y":93,"x":-132.2222},"tweenEasing":0},{"duration":6,"transform":{"y":97,"x":-132.2222},"tweenEasing":0},{"duration":0,"transform":{"y":93,"x":-132.2222}}],"name":"Layer16"},{"frame":[{"duration":4,"transform":{"y":22},"tweenEasing":0},{"duration":4,"transform":{"y":14},"tweenEasing":0},{"duration":4,"transform":{"y":8},"tweenEasing":0},{"duration":4,"transform":{},"tweenEasing":0},{"duration":6,"transform":{"y":-3},"tweenEasing":0},{"duration":4,"transform":{"y":-5},"tweenEasing":0},{"duration":6,"transform":{"y":3},"tweenEasing":0},{"duration":6,"transform":{"y":-2},"tweenEasing":0},{"duration":6,"transform":{},"tweenEasing":0},{"duration":6,"transform":{"y":3},"tweenEasing":0},{"duration":6,"transform":{},"tweenEasing":0},{"duration":6,"transform":{"y":3},"tweenEasing":0},{"duration":6,"transform":{},"tweenEasing":0},{"duration":6,"transform":{"y":3},"tweenEasing":0},{"duration":6,"transform":{},"tweenEasing":0},{"duration":6,"transform":{"y":3},"tweenEasing":0},{"duration":6,"transform":{},"tweenEasing":0},{"duration":6,"transform":{"y":3},"tweenEasing":0},{"duration":0,"transform":{}}],"name":"Layer15"},{"frame":[{"duration":98,"transform":{},"tweenEasing":0},{"duration":0,"transform":{}}],"name":"1_1"},{"frame":[{"duration":98,"transform":{}}],"name":"root"},{"frame":[{"duration":98,"transform":{}}],"name":"Layer17"},{"frame":[{"duration":98,"transform":{}}],"name":"1_2"},{"frame":[{"duration":98,"transform":{}}],"name":"1_3"},{"frame":[{"duration":98,"transform":{}}],"name":"Layer18"},{"frame":[{"duration":98,"transform":{}}],"name":"Layer27"},{"frame":[{"duration":98,"transform":{}}],"name":"Layer28"},{"frame":[{"duration":98,"transform":{}}],"name":"Layer32"},{"frame":[{"duration":98,"transform":{}}],"name":"Layer33"}],"ffd":[]},{"frame":[],"slot":[{"frame":[{"tweenEasing":0,"duration":12},{"tweenEasing":0,"duration":8},{"tweenEasing":0,"duration":6},{"tweenEasing":0,"duration":6},{"tweenEasing":0,"duration":12},{"tweenEasing":0,"duration":8},{"tweenEasing":0,"duration":6},{"tweenEasing":0,"duration":6},{"tweenEasing":0,"duration":16},{"tweenEasing":0,"duration":8},{"tweenEasing":0,"duration":6},{"tweenEasing":0,"duration":6},{"tweenEasing":null,"duration":0}],"name":"Layer18"},{"frame":[{"tweenEasing":0,"duration":4},{"tweenEasing":0,"duration":4,"displayIndex":1},{"tweenEasing":0,"duration":4,"displayIndex":2},{"tweenEasing":0,"duration":4,"displayIndex":3},{"tweenEasing":0,"duration":4,"displayIndex":4},{"tweenEasing":0,"duration":12,"displayIndex":5},{"tweenEasing":0,"duration":4,"displayIndex":5},{"tweenEasing":0,"duration":4,"displayIndex":1},{"tweenEasing":0,"duration":4,"displayIndex":2},{"tweenEasing":0,"duration":4,"displayIndex":3},{"tweenEasing":0,"duration":4,"displayIndex":4},{"tweenEasing":0,"duration":12,"displayIndex":5},{"tweenEasing":0,"duration":4,"displayIndex":5},{"tweenEasing":0,"duration":4},{"tweenEasing":0,"duration":4,"displayIndex":1},{"tweenEasing":0,"duration":4,"displayIndex":2},{"tweenEasing":0,"duration":4,"displayIndex":3},{"tweenEasing":0,"duration":4,"displayIndex":4},{"tweenEasing":0,"duration":12,"displayIndex":5},{"tweenEasing":null,"duration":0,"displayIndex":5}],"name":"Layer17"},{"frame":[{"tweenEasing":0,"duration":100},{"tweenEasing":null,"duration":0}],"name":"1_1"},{"frame":[{"tweenEasing":null,"duration":100,"displayIndex":-1}],"name":"1_2"},{"frame":[{"tweenEasing":null,"duration":100,"displayIndex":-1}],"name":"1_3"},{"frame":[{"tweenEasing":null,"duration":100,"displayIndex":-1}],"name":"Layer15"},{"frame":[{"tweenEasing":null,"duration":100,"displayIndex":-1}],"name":"Layer16"},{"frame":[{"tweenEasing":null,"duration":100,"displayIndex":-1}],"name":"Layer27"},{"frame":[{"tweenEasing":null,"duration":100,"displayIndex":-1}],"name":"Layer28"},{"frame":[{"tweenEasing":null,"duration":100,"displayIndex":-1}],"name":"Layer32"},{"frame":[{"tweenEasing":null,"duration":100,"displayIndex":-1}],"name":"Layer33"}],"duration":100,"name":"3","bone":[{"frame":[{"duration":12,"transform":{"y":-11.5385,"scX":0,"scY":0,"x":-93.0769},"tweenEasing":0},{"duration":8,"transform":{"y":-11.5385,"scX":0,"scY":0,"x":-93.0769},"tweenEasing":0},{"duration":6,"transform":{"y":-11.5385,"scX":1.1,"scY":1.1,"x":-93.0769},"tweenEasing":0},{"duration":6,"transform":{"y":-11.5385,"scX":0.9,"scY":0.9,"x":-93.0769},"tweenEasing":0},{"duration":12,"transform":{"y":-11.5385,"x":-93.0769},"tweenEasing":0},{"duration":8,"transform":{"y":-11.5385,"scX":0,"scY":0,"x":-93.0769},"tweenEasing":0},{"duration":6,"transform":{"y":-11.5385,"scX":1.1,"scY":1.1,"x":-93.0769},"tweenEasing":0},{"duration":6,"transform":{"y":-11.5385,"scX":0.9,"scY":0.9,"x":-93.0769},"tweenEasing":0},{"duration":16,"transform":{"y":-11.5385,"x":-93.0769},"tweenEasing":0},{"duration":8,"transform":{"y":-11.5385,"scX":0,"scY":0,"x":-93.0769},"tweenEasing":0},{"duration":6,"transform":{"y":-11.5385,"scX":1.1,"scY":1.1,"x":-93.0769},"tweenEasing":0},{"duration":6,"transform":{"y":-11.5385,"scX":0.9,"scY":0.9,"x":-93.0769},"tweenEasing":0},{"duration":0,"transform":{"y":-11.5385,"x":-93.0769}}],"name":"Layer18"},{"frame":[{"duration":4,"transform":{"y":-7},"tweenEasing":0},{"duration":4,"transform":{"y":-7},"tweenEasing":0},{"duration":4,"transform":{"y":-7},"tweenEasing":0},{"duration":4,"transform":{"y":-7},"tweenEasing":0},{"duration":4,"transform":{"y":-7},"tweenEasing":0},{"duration":12,"transform":{"y":-7},"tweenEasing":0},{"duration":4,"transform":{"y":-7},"tweenEasing":0},{"duration":4,"transform":{"y":-7},"tweenEasing":0},{"duration":4,"transform":{"y":-7},"tweenEasing":0},{"duration":4,"transform":{"y":-7},"tweenEasing":0},{"duration":4,"transform":{"y":-7},"tweenEasing":0},{"duration":12,"transform":{"y":-7},"tweenEasing":0},{"duration":4,"transform":{"y":-7},"tweenEasing":0},{"duration":4,"transform":{"y":-7},"tweenEasing":0},{"duration":4,"transform":{"y":-7},"tweenEasing":0},{"duration":4,"transform":{"y":-7},"tweenEasing":0},{"duration":4,"transform":{"y":-7},"tweenEasing":0},{"duration":4,"transform":{"y":-7},"tweenEasing":0},{"duration":12,"transform":{"y":-7},"tweenEasing":0},{"duration":0,"transform":{"y":-7}}],"name":"Layer17"},{"frame":[{"duration":100,"transform":{},"tweenEasing":0},{"duration":0,"transform":{}}],"name":"1_1"},{"frame":[{"duration":100,"transform":{}}],"name":"root"},{"frame":[{"duration":100,"transform":{}}],"name":"1_2"},{"frame":[{"duration":100,"transform":{}}],"name":"1_3"},{"frame":[{"duration":100,"transform":{}}],"name":"Layer15"},{"frame":[{"duration":100,"transform":{}}],"name":"Layer16"},{"frame":[{"duration":100,"transform":{}}],"name":"Layer27"},{"frame":[{"duration":100,"transform":{}}],"name":"Layer28"},{"frame":[{"duration":100,"transform":{}}],"name":"Layer32"},{"frame":[{"duration":100,"transform":{}}],"name":"Layer33"}],"ffd":[]},{"frame":[],"slot":[{"frame":[{"tweenEasing":0,"duration":4},{"tweenEasing":0,"duration":4,"displayIndex":1},{"tweenEasing":0,"duration":4,"displayIndex":2},{"tweenEasing":0,"duration":4,"displayIndex":3},{"tweenEasing":0,"duration":4},{"tweenEasing":0,"duration":4,"displayIndex":1},{"tweenEasing":0,"duration":4,"displayIndex":2},{"tweenEasing":0,"duration":4,"displayIndex":3},{"tweenEasing":0,"duration":4},{"tweenEasing":0,"duration":4,"displayIndex":1},{"tweenEasing":0,"duration":4,"displayIndex":2},{"tweenEasing":0,"duration":4,"displayIndex":3},{"tweenEasing":0,"duration":4},{"tweenEasing":0,"duration":4,"displayIndex":1},{"tweenEasing":0,"duration":4,"displayIndex":2},{"tweenEasing":0,"duration":4,"displayIndex":3},{"tweenEasing":0,"duration":4},{"tweenEasing":0,"duration":4,"displayIndex":1},{"tweenEasing":0,"duration":4,"displayIndex":2},{"tweenEasing":0,"duration":4,"displayIndex":3},{"tweenEasing":0,"duration":4},{"tweenEasing":0,"duration":4,"displayIndex":1},{"tweenEasing":0,"duration":4,"displayIndex":2},{"tweenEasing":null,"duration":0,"displayIndex":3}],"name":"Layer28"},{"frame":[{"tweenEasing":0,"duration":16},{"tweenEasing":0,"duration":16},{"tweenEasing":0,"duration":18},{"tweenEasing":0,"duration":14},{"tweenEasing":0,"duration":12},{"tweenEasing":0,"duration":16},{"tweenEasing":null,"duration":0}],"name":"Layer27"},{"frame":[{"tweenEasing":0,"duration":92},{"tweenEasing":null,"duration":0}],"name":"1_1"},{"frame":[{"tweenEasing":null,"duration":92,"displayIndex":-1}],"name":"1_2"},{"frame":[{"tweenEasing":null,"duration":92,"displayIndex":-1}],"name":"1_3"},{"frame":[{"tweenEasing":null,"duration":92,"displayIndex":-1}],"name":"Layer15"},{"frame":[{"tweenEasing":null,"duration":92,"displayIndex":-1}],"name":"Layer16"},{"frame":[{"tweenEasing":null,"duration":92,"displayIndex":-1}],"name":"Layer17"},{"frame":[{"tweenEasing":null,"duration":92,"displayIndex":-1}],"name":"Layer18"},{"frame":[{"tweenEasing":null,"duration":92,"displayIndex":-1}],"name":"Layer32"},{"frame":[{"tweenEasing":null,"duration":92,"displayIndex":-1}],"name":"Layer33"}],"duration":92,"name":"4","bone":[{"frame":[{"duration":4,"transform":{"x":-15},"tweenEasing":0},{"duration":4,"transform":{"y":-1,"x":-15},"tweenEasing":0},{"duration":4,"transform":{"y":-4,"x":-15},"tweenEasing":0},{"duration":4,"transform":{"y":-6,"x":-15},"tweenEasing":0},{"duration":4,"transform":{"y":-10,"x":-15},"tweenEasing":0},{"duration":4,"transform":{"y":-7,"x":-15},"tweenEasing":0},{"duration":4,"transform":{"y":-5,"x":-15},"tweenEasing":0},{"duration":4,"transform":{"y":-2,"x":-15},"tweenEasing":0},{"duration":4,"transform":{"x":-15},"tweenEasing":0},{"duration":4,"transform":{"y":1,"x":-15},"tweenEasing":0},{"duration":4,"transform":{"y":-2,"x":-15},"tweenEasing":0},{"duration":4,"transform":{"y":-6,"x":-15},"tweenEasing":0},{"duration":4,"transform":{"y":-10,"x":-15},"tweenEasing":0},{"duration":4,"transform":{"y":-8,"x":-15},"tweenEasing":0},{"duration":4,"transform":{"y":-4,"x":-15},"tweenEasing":0},{"duration":4,"transform":{"x":-15},"tweenEasing":0},{"duration":4,"transform":{"x":-15},"tweenEasing":0},{"duration":4,"transform":{"y":-1,"x":-15},"tweenEasing":0},{"duration":4,"transform":{"y":-4,"x":-15},"tweenEasing":0},{"duration":4,"transform":{"y":-6,"x":-15},"tweenEasing":0},{"duration":4,"transform":{"y":-8,"x":-15},"tweenEasing":0},{"duration":4,"transform":{"y":-7,"x":-15},"tweenEasing":0},{"duration":4,"transform":{"y":-4,"x":-15},"tweenEasing":0},{"duration":0,"transform":{"x":-15}}],"name":"Layer28"},{"frame":[{"duration":16,"transform":{},"tweenEasing":0},{"duration":16,"transform":{"y":-4},"tweenEasing":0},{"duration":18,"transform":{},"tweenEasing":0},{"duration":14,"transform":{"y":-4},"tweenEasing":0},{"duration":12,"transform":{},"tweenEasing":0},{"duration":16,"transform":{"y":-4},"tweenEasing":0},{"duration":0,"transform":{}}],"name":"Layer27"},{"frame":[{"duration":92,"transform":{},"tweenEasing":0},{"duration":0,"transform":{}}],"name":"1_1"},{"frame":[{"duration":92,"transform":{}}],"name":"root"},{"frame":[{"duration":92,"transform":{}}],"name":"Layer17"},{"frame":[{"duration":92,"transform":{}}],"name":"1_2"},{"frame":[{"duration":92,"transform":{}}],"name":"1_3"},{"frame":[{"duration":92,"transform":{}}],"name":"Layer15"},{"frame":[{"duration":92,"transform":{}}],"name":"Layer16"},{"frame":[{"duration":92,"transform":{}}],"name":"Layer18"},{"frame":[{"duration":92,"transform":{}}],"name":"Layer32"},{"frame":[{"duration":92,"transform":{}}],"name":"Layer33"}],"ffd":[]},{"frame":[],"slot":[{"frame":[{"tweenEasing":0,"duration":4},{"tweenEasing":0,"duration":4,"displayIndex":1},{"tweenEasing":0,"duration":4,"displayIndex":2},{"tweenEasing":0,"duration":4},{"tweenEasing":0,"duration":4,"displayIndex":1},{"tweenEasing":0,"duration":4,"displayIndex":2},{"tweenEasing":0,"duration":4},{"tweenEasing":0,"duration":4,"displayIndex":1},{"tweenEasing":0,"duration":4,"displayIndex":2},{"tweenEasing":0,"duration":4},{"tweenEasing":0,"duration":4,"displayIndex":1},{"tweenEasing":0,"duration":4,"displayIndex":2},{"tweenEasing":0,"duration":4},{"tweenEasing":0,"duration":4,"displayIndex":1},{"tweenEasing":0,"duration":4,"displayIndex":2},{"tweenEasing":0,"duration":4},{"tweenEasing":0,"duration":4,"displayIndex":1},{"tweenEasing":0,"duration":4,"displayIndex":2},{"tweenEasing":0,"duration":4},{"tweenEasing":0,"duration":4,"displayIndex":1},{"tweenEasing":0,"duration":4,"displayIndex":2},{"tweenEasing":0,"duration":4},{"tweenEasing":0,"duration":4,"displayIndex":1},{"tweenEasing":0,"duration":4,"displayIndex":2},{"tweenEasing":0,"duration":4},{"tweenEasing":0,"duration":4,"displayIndex":1},{"tweenEasing":null,"duration":0,"displayIndex":2}],"name":"Layer32"},{"frame":[{"tweenEasing":0,"duration":104},{"tweenEasing":null,"duration":0}],"name":"1_1"},{"frame":[{"tweenEasing":null,"duration":104,"displayIndex":-1}],"name":"1_2"},{"frame":[{"tweenEasing":null,"duration":104,"displayIndex":-1}],"name":"1_3"},{"frame":[{"tweenEasing":null,"duration":104,"displayIndex":-1}],"name":"Layer15"},{"frame":[{"tweenEasing":null,"duration":104,"displayIndex":-1}],"name":"Layer16"},{"frame":[{"tweenEasing":null,"duration":104,"displayIndex":-1}],"name":"Layer17"},{"frame":[{"tweenEasing":null,"duration":104,"displayIndex":-1}],"name":"Layer18"},{"frame":[{"tweenEasing":null,"duration":104,"displayIndex":-1}],"name":"Layer27"},{"frame":[{"tweenEasing":null,"duration":104,"displayIndex":-1}],"name":"Layer28"},{"frame":[{"tweenEasing":null,"duration":104,"displayIndex":-1}],"name":"Layer33"}],"duration":104,"name":"5","bone":[{"frame":[{"duration":4,"transform":{"x":-6},"tweenEasing":0},{"duration":4,"transform":{"x":-6},"tweenEasing":0},{"duration":4,"transform":{"x":-6},"tweenEasing":0},{"duration":4,"transform":{"x":-6},"tweenEasing":0},{"duration":4,"transform":{"x":-6},"tweenEasing":0},{"duration":4,"transform":{"x":-6},"tweenEasing":0},{"duration":4,"transform":{"x":-6},"tweenEasing":0},{"duration":4,"transform":{"x":-6},"tweenEasing":0},{"duration":4,"transform":{"x":-6},"tweenEasing":0},{"duration":4,"transform":{"x":-6},"tweenEasing":0},{"duration":4,"transform":{"x":-6},"tweenEasing":0},{"duration":4,"transform":{"x":-6},"tweenEasing":0},{"duration":4,"transform":{"x":-6},"tweenEasing":0},{"duration":4,"transform":{"x":-6},"tweenEasing":0},{"duration":4,"transform":{"x":-6},"tweenEasing":0},{"duration":4,"transform":{"x":-6},"tweenEasing":0},{"duration":4,"transform":{"x":-6},"tweenEasing":0},{"duration":4,"transform":{"x":-6},"tweenEasing":0},{"duration":4,"transform":{"x":-6},"tweenEasing":0},{"duration":4,"transform":{"x":-6},"tweenEasing":0},{"duration":4,"transform":{"x":-6},"tweenEasing":0},{"duration":4,"transform":{"x":-6},"tweenEasing":0},{"duration":4,"transform":{"x":-6},"tweenEasing":0},{"duration":4,"transform":{"x":-6},"tweenEasing":0},{"duration":4,"transform":{"x":-6},"tweenEasing":0},{"duration":4,"transform":{"x":-6},"tweenEasing":0},{"duration":0,"transform":{"x":-6}}],"name":"Layer32"},{"frame":[{"duration":104,"transform":{},"tweenEasing":0},{"duration":0,"transform":{}}],"name":"1_1"},{"frame":[{"duration":104,"transform":{}}],"name":"root"},{"frame":[{"duration":104,"transform":{}}],"name":"Layer17"},{"frame":[{"duration":104,"transform":{}}],"name":"1_2"},{"frame":[{"duration":104,"transform":{}}],"name":"1_3"},{"frame":[{"duration":104,"transform":{}}],"name":"Layer15"},{"frame":[{"duration":104,"transform":{}}],"name":"Layer16"},{"frame":[{"duration":104,"transform":{}}],"name":"Layer18"},{"frame":[{"duration":104,"transform":{}}],"name":"Layer27"},{"frame":[{"duration":104,"transform":{}}],"name":"Layer28"},{"frame":[{"duration":104,"transform":{}}],"name":"Layer33"}],"ffd":[]},{"frame":[],"slot":[{"frame":[{"tweenEasing":0,"duration":4},{"tweenEasing":0,"duration":4,"displayIndex":1},{"tweenEasing":0,"duration":4,"displayIndex":2},{"tweenEasing":0,"duration":4,"displayIndex":3},{"tweenEasing":0,"duration":4,"displayIndex":4},{"tweenEasing":0,"duration":4},{"tweenEasing":0,"duration":4,"displayIndex":1},{"tweenEasing":0,"duration":4,"displayIndex":2},{"tweenEasing":0,"duration":4,"displayIndex":3},{"tweenEasing":0,"duration":4,"displayIndex":4},{"tweenEasing":0,"duration":4},{"tweenEasing":0,"duration":4,"displayIndex":1},{"tweenEasing":0,"duration":4,"displayIndex":2},{"tweenEasing":0,"duration":4,"displayIndex":3},{"tweenEasing":0,"duration":4,"displayIndex":4},{"tweenEasing":0,"duration":4},{"tweenEasing":0,"duration":4,"displayIndex":1},{"tweenEasing":0,"duration":4,"displayIndex":2},{"tweenEasing":0,"duration":4,"displayIndex":3},{"tweenEasing":0,"duration":4,"displayIndex":4},{"tweenEasing":0,"duration":4},{"tweenEasing":0,"duration":4,"displayIndex":1},{"tweenEasing":0,"duration":4,"displayIndex":2},{"tweenEasing":0,"duration":4,"displayIndex":3},{"tweenEasing":null,"duration":0,"displayIndex":4}],"name":"Layer33"},{"frame":[{"tweenEasing":0,"duration":96},{"tweenEasing":null,"duration":0}],"name":"1_1"},{"frame":[{"tweenEasing":null,"duration":96,"displayIndex":-1}],"name":"1_2"},{"frame":[{"tweenEasing":null,"duration":96,"displayIndex":-1}],"name":"1_3"},{"frame":[{"tweenEasing":null,"duration":96,"displayIndex":-1}],"name":"Layer15"},{"frame":[{"tweenEasing":null,"duration":96,"displayIndex":-1}],"name":"Layer16"},{"frame":[{"tweenEasing":null,"duration":96,"displayIndex":-1}],"name":"Layer17"},{"frame":[{"tweenEasing":null,"duration":96,"displayIndex":-1}],"name":"Layer18"},{"frame":[{"tweenEasing":null,"duration":96,"displayIndex":-1}],"name":"Layer27"},{"frame":[{"tweenEasing":null,"duration":96,"displayIndex":-1}],"name":"Layer28"},{"frame":[{"tweenEasing":null,"duration":96,"displayIndex":-1}],"name":"Layer32"}],"duration":96,"name":"6","bone":[{"frame":[{"duration":4,"transform":{"y":49,"x":-6},"tweenEasing":0},{"duration":4,"transform":{"y":49,"x":-6},"tweenEasing":0},{"duration":4,"transform":{"y":49,"x":-6},"tweenEasing":0},{"duration":4,"transform":{"y":49,"x":-6},"tweenEasing":0},{"duration":4,"transform":{"y":49,"x":-6},"tweenEasing":0},{"duration":4,"transform":{"y":49,"x":-6},"tweenEasing":0},{"duration":4,"transform":{"y":49,"x":-6},"tweenEasing":0},{"duration":4,"transform":{"y":49,"x":-6},"tweenEasing":0},{"duration":4,"transform":{"y":49,"x":-6},"tweenEasing":0},{"duration":4,"transform":{"y":49,"x":-6},"tweenEasing":0},{"duration":4,"transform":{"y":49,"x":-6},"tweenEasing":0},{"duration":4,"transform":{"y":49,"x":-6},"tweenEasing":0},{"duration":4,"transform":{"y":49,"x":-6},"tweenEasing":0},{"duration":4,"transform":{"y":49,"x":-6},"tweenEasing":0},{"duration":4,"transform":{"y":49,"x":-6},"tweenEasing":0},{"duration":4,"transform":{"y":49,"x":-6},"tweenEasing":0},{"duration":4,"transform":{"y":49,"x":-6},"tweenEasing":0},{"duration":4,"transform":{"y":49,"x":-6},"tweenEasing":0},{"duration":4,"transform":{"y":49,"x":-6},"tweenEasing":0},{"duration":4,"transform":{"y":49,"x":-6},"tweenEasing":0},{"duration":4,"transform":{"y":49,"x":-6},"tweenEasing":0},{"duration":4,"transform":{"y":49,"x":-6},"tweenEasing":0},{"duration":4,"transform":{"y":49,"x":-6},"tweenEasing":0},{"duration":4,"transform":{"y":49,"x":-6},"tweenEasing":0},{"duration":0,"transform":{"y":49,"x":-6}}],"name":"Layer33"},{"frame":[{"duration":96,"transform":{},"tweenEasing":0},{"duration":0,"transform":{}}],"name":"1_1"},{"frame":[{"duration":96,"transform":{}}],"name":"root"},{"frame":[{"duration":96,"transform":{}}],"name":"Layer17"},{"frame":[{"duration":96,"transform":{}}],"name":"1_2"},{"frame":[{"duration":96,"transform":{}}],"name":"1_3"},{"frame":[{"duration":96,"transform":{}}],"name":"Layer15"},{"frame":[{"duration":96,"transform":{}}],"name":"Layer16"},{"frame":[{"duration":96,"transform":{}}],"name":"Layer18"},{"frame":[{"duration":96,"transform":{}}],"name":"Layer27"},{"frame":[{"duration":96,"transform":{}}],"name":"Layer28"},{"frame":[{"duration":96,"transform":{}}],"name":"Layer32"}],"ffd":[]}],"slot":[{"color":{},"name":"1_1","parent":"1_1"},{"z":1,"color":{},"name":"1_2","parent":"1_2"},{"z":2,"color":{},"name":"1_3","parent":"1_3"},{"z":3,"color":{},"name":"Layer15","parent":"Layer15"},{"z":4,"color":{},"name":"Layer16","parent":"Layer16"},{"z":5,"color":{},"name":"Layer17","parent":"Layer17"},{"z":6,"color":{},"name":"Layer18","parent":"Layer18"},{"z":7,"color":{},"name":"Layer27","parent":"Layer27"},{"z":8,"color":{},"name":"Layer28","parent":"Layer28"},{"z":9,"color":{},"name":"Layer32","parent":"Layer32"},{"z":10,"color":{},"name":"Layer33","parent":"Layer33"}],"name":"armatureName","bone":[{"name":"root","transform":{}},{"inheritScale":false,"transform":{"y":-0.0474,"x":-1.8694},"name":"Layer17","parent":"root"},{"inheritScale":false,"transform":{"y":-33.6733,"x":-0.5},"name":"1_2","parent":"root"},{"inheritScale":false,"transform":{"y":23.3267,"x":-0.5},"name":"1_3","parent":"root"},{"inheritScale":false,"transform":{"y":1.2926,"x":-0.8333},"name":"Layer15","parent":"root"},{"inheritScale":false,"transform":{"y":-54.8185,"x":100.2778},"name":"Layer16","parent":"root"},{"inheritScale":false,"transform":{},"name":"1_1","parent":"root"},{"inheritScale":false,"transform":{"y":26.1064,"x":148.8998},"name":"Layer18","parent":"root"},{"inheritScale":false,"transform":{"y":-17.7397,"x":-6.4848},"name":"Layer27","parent":"root"},{"inheritScale":false,"transform":{"y":-0.0474,"x":-0.331},"name":"Layer28","parent":"root"},{"inheritScale":false,"transform":{"y":-1.3741,"x":-3.0788},"name":"Layer32","parent":"root"},{"inheritScale":false,"transform":{"y":-1.3741,"x":-1.0788},"name":"Layer33","parent":"root"}]}],"isGlobal":0,"name":"biaoqin","version":"4.0"}