{"SubTexture":[{"width":127,"y":119,"height":127,"name":"1_1","x":379},{"width":36,"y":503,"height":8,"name":"1_2","x":434},{"width":98,"y":517,"height":49,"name":"1_3","x":299},{"width":117,"y":394,"height":61,"name":"2_3","x":315},{"width":117,"y":321,"height":71,"name":"2_5","x":324},{"width":117,"y":457,"height":58,"name":"2_2","x":315},{"width":117,"y":441,"height":68,"name":"2_4","x":78},{"width":117,"y":248,"height":71,"name":"2_6","x":324},{"width":116,"y":583,"height":50,"name":"2_1","x":77},{"width":68,"y":248,"height":63,"name":"2_0","x":443},{"width":66,"y":313,"height":53,"name":"3_3","x":443},{"width":82,"y":517,"height":54,"name":"3_5","x":399},{"width":51,"y":568,"height":56,"name":"3_2","x":299},{"width":100,"y":508,"height":65,"name":"3_4","x":197},{"width":87,"y":511,"height":70,"name":"3_6","x":77},{"width":55,"y":575,"height":60,"name":"3_1","x":1},{"width":71,"y":391,"height":115,"name":"3_0","x":242},{"width":72,"y":479,"height":22,"name":"4_1","x":434},{"width":80,"y":293,"height":146,"name":"4_5","x":78},{"width":80,"y":247,"height":142,"name":"4_2","x":242},{"width":80,"y":247,"height":147,"name":"4_3","x":160},{"width":80,"y":141,"height":150,"name":"4_4","x":78},{"width":170,"y":119,"height":126,"name":"5_1","x":207},{"width":204,"y":1,"height":138,"name":"5_2","x":1},{"width":216,"y":1,"height":116,"name":"5_3","x":207},{"width":74,"y":483,"height":90,"name":"6_2","x":1},{"width":75,"y":331,"height":150,"name":"6_4","x":1},{"width":75,"y":141,"height":188,"name":"6_5","x":1},{"width":77,"y":1,"height":112,"name":"6_3","x":425},{"width":75,"y":394,"height":83,"name":"6_1","x":434}],"width":512,"height":1024,"name":"biaoqin","imagePath":"biaoqin_tex.png"}