{"imagePath":"dh_jiesuanjiangbei_tex.png","width":1024,"SubTexture":[{"frameX":-4,"frameHeight":299,"y":360,"frameY":-2,"frameWidth":347,"width":339,"height":292,"name":"shengxing_zuanshi","x":1},{"frameX":-4,"frameHeight":367,"y":1,"frameY":-4,"frameWidth":330,"width":322,"height":357,"name":"shengxing_wangzhe","x":1},{"width":1,"y":859,"height":1,"name":"wangzhe","x":820},{"frameX":-37,"frameHeight":299,"y":293,"frameY":-5,"frameWidth":347,"width":272,"height":281,"name":"shengxing_qingtong","x":342},{"frameX":-21,"frameHeight":299,"y":1,"frameY":-3,"frameWidth":347,"width":303,"height":292,"name":"shengxing_huangjin","x":664},{"frameX":-1,"frameHeight":283,"y":576,"frameY":-2,"frameWidth":270,"width":268,"height":281,"name":"shengxing_baiyin","x":553},{"frameX":-5,"frameHeight":299,"y":1,"frameY":-3,"frameWidth":347,"width":337,"height":290,"name":"shengxing_bojin","x":325},{"frameX":-2,"frameHeight":152,"y":654,"frameY":-1,"frameWidth":554,"width":550,"height":150,"name":"silk ribbon","x":1},{"frameX":0,"frameHeight":84,"y":295,"frameY":0,"frameWidth":300,"width":299,"height":83,"name":"jinshengchenggong","x":616},{"frameX":-91,"frameHeight":70,"y":452,"frameY":0,"frameWidth":288,"width":181,"height":69,"name":"white17","x":802},{"frameX":0,"frameHeight":70,"y":859,"frameY":-1,"frameWidth":288,"width":110,"height":68,"name":"white7","x":667},{"frameX":-123,"frameHeight":70,"y":666,"frameY":-1,"frameWidth":288,"width":164,"height":68,"name":"white18","x":823},{"frameX":-2,"frameHeight":70,"y":806,"frameY":-1,"frameWidth":288,"width":154,"height":69,"name":"white10","x":823},{"frameX":-124,"frameHeight":70,"y":736,"frameY":-1,"frameWidth":288,"width":164,"height":68,"name":"white19","x":823},{"frameX":-2,"frameHeight":70,"y":806,"frameY":-1,"frameWidth":288,"width":134,"height":68,"name":"white9","x":143},{"frameX":-10,"frameHeight":70,"y":380,"frameY":0,"frameWidth":288,"width":187,"height":70,"name":"white12","x":616},{"frameX":-2,"frameHeight":70,"y":595,"frameY":-1,"frameWidth":288,"width":171,"height":69,"name":"white11","x":823},{"frameX":-42,"frameHeight":70,"y":452,"frameY":0,"frameWidth":288,"width":184,"height":70,"name":"white14","x":616},{"frameX":-26,"frameHeight":70,"y":380,"frameY":0,"frameWidth":288,"width":184,"height":70,"name":"white13","x":805},{"frameX":0,"frameHeight":70,"y":990,"frameY":-2,"frameWidth":288,"width":36,"height":28,"name":"white2","x":850},{"frameX":0,"frameHeight":70,"y":984,"frameY":-2,"frameWidth":288,"width":52,"height":39,"name":"white3","x":934},{"frameX":0,"frameHeight":70,"y":929,"frameY":-2,"frameWidth":288,"width":66,"height":53,"name":"white4","x":934},{"frameX":0,"frameHeight":70,"y":929,"frameY":-2,"frameWidth":288,"width":83,"height":65,"name":"white5","x":765},{"frameX":0,"frameHeight":70,"y":295,"frameY":-1,"frameWidth":288,"width":104,"height":68,"name":"white6","x":917},{"frameX":-157,"frameHeight":70,"y":806,"frameY":0,"frameWidth":288,"width":131,"height":69,"name":"white21","x":415},{"frameX":-148,"frameHeight":70,"y":806,"frameY":-1,"frameWidth":288,"width":140,"height":68,"name":"white20","x":1},{"frameX":0,"frameHeight":70,"y":523,"frameY":-2,"frameWidth":288,"width":19,"height":14,"name":"white1","x":802},{"frameX":-192,"frameHeight":70,"y":929,"frameY":-6,"frameWidth":288,"width":96,"height":64,"name":"white23","x":667},{"frameX":-171,"frameHeight":70,"y":859,"frameY":0,"frameWidth":288,"width":117,"height":69,"name":"white22","x":548},{"frameX":-230,"frameHeight":70,"y":524,"frameY":-25,"frameWidth":288,"width":58,"height":45,"name":"white25","x":616},{"frameX":-206,"frameHeight":70,"y":929,"frameY":-11,"frameWidth":288,"width":82,"height":59,"name":"white24","x":850},{"frameX":-251,"frameHeight":70,"y":482,"frameY":-42,"frameWidth":288,"width":37,"height":28,"name":"white27","x":985},{"frameX":-251,"frameHeight":70,"y":452,"frameY":-42,"frameWidth":288,"width":37,"height":28,"name":"white26","x":985},{"frameX":-74,"frameHeight":70,"y":523,"frameY":0,"frameWidth":288,"width":171,"height":70,"name":"white15","x":823},{"frameX":-75,"frameHeight":70,"y":576,"frameY":0,"frameWidth":288,"width":188,"height":70,"name":"white16","x":342},{"frameX":0,"frameHeight":70,"y":806,"frameY":-1,"frameWidth":288,"width":134,"height":68,"name":"white8","x":279},{"frameX":-3,"frameHeight":44,"y":859,"frameY":-2,"frameWidth":44,"width":39,"height":40,"name":"star_4","x":779}],"height":1024,"name":"dh_jiesuanjiangbei"}