{"frameRate":60,"armature":[{"ik":[],"name":"armatureName","bone":[{"name":"root","transform":{}},{"inheritScale":false,"transform":{"y":-247.7491,"x":4.6666},"name":"成功","parent":"root"},{"inheritScale":false,"transform":{"y":-0.6733,"x":-6.1667},"name":"白银奖杯","parent":"root"},{"inheritScale":false,"transform":{"y":-218.7491,"x":3.4166},"name":"彩带","parent":"root"},{"inheritScale":false,"transform":{"y":22.2112,"x":-3.5},"name":"奖杯2","parent":"root"},{"inheritScale":false,"transform":{"y":-253.2058,"x":3.8055},"name":"白光","parent":"root"},{"inheritScale":false,"transform":{"y":-222.7889,"x":129.8333},"name":"四角星2","parent":"root"}],"skin":[{"slot":[{"display":[{"path":"star_4","type":"image","name":"star_4","transform":{}}],"name":"四角星2"},{"display":[{"path":"white1","type":"image","name":"white1","transform":{}},{"path":"white2","type":"image","name":"white2","transform":{}},{"path":"white3","type":"image","name":"white3","transform":{}},{"path":"white4","type":"image","name":"white4","transform":{}},{"path":"white5","type":"image","name":"white5","transform":{}},{"path":"white6","type":"image","name":"white6","transform":{}},{"path":"white7","type":"image","name":"white7","transform":{}},{"path":"white8","type":"image","name":"white8","transform":{}},{"path":"white9","type":"image","name":"white9","transform":{}},{"path":"white10","type":"image","name":"white10","transform":{}},{"path":"white11","type":"image","name":"white11","transform":{}},{"path":"white12","type":"image","name":"white12","transform":{}},{"path":"white13","type":"image","name":"white13","transform":{}},{"path":"white14","type":"image","name":"white14","transform":{}},{"path":"white15","type":"image","name":"white15","transform":{}},{"path":"white16","type":"image","name":"white16","transform":{}},{"path":"white17","type":"image","name":"white17","transform":{}},{"path":"white18","type":"image","name":"white18","transform":{}},{"path":"white19","type":"image","name":"white19","transform":{}},{"path":"white20","type":"image","name":"white20","transform":{}},{"path":"white21","type":"image","name":"white21","transform":{}},{"path":"white22","type":"image","name":"white22","transform":{}},{"path":"white23","type":"image","name":"white23","transform":{}},{"path":"white24","type":"image","name":"white24","transform":{}},{"path":"white25","type":"image","name":"white25","transform":{}},{"path":"white26","type":"image","name":"white26","transform":{}},{"path":"white27","type":"image","name":"white27","transform":{}}],"name":"白光"},{"display":[{"path":"jinshengchenggong","type":"image","name":"jinshengchenggong","transform":{}}],"name":"成功"},{"display":[{"path":"silk ribbon","type":"image","name":"silk ribbon","transform":{}}],"name":"彩带"},{"display":[{"path":"shengxing_baiyin","type":"image","name":"shengxing_baiyin","transform":{}},{"path":"shengxing_qingtong","type":"image","name":"shengxing_qingtong","transform":{}},{"path":"shengxing_huangjin","type":"image","name":"shengxing_huangjin","transform":{}},{"path":"shengxing_bojin","type":"image","name":"shengxing_bojin","transform":{}},{"path":"shengxing_zuanshi","type":"image","name":"shengxing_zuanshi","transform":{}},{"path":"shengxing_wangzhe","type":"image","name":"shengxing_wangzhe","transform":{}},{"path":"wangzhe","type":"image","name":"wangzhe","transform":{"y":-0.5,"x":-0.5}}],"name":"白银奖杯"},{"display":[{"path":"shengxing_baiyin","type":"image","name":"shengxing_baiyin","transform":{}},{"path":"shengxing_qingtong","type":"image","name":"shengxing_qingtong","transform":{}},{"path":"shengxing_huangjin","type":"image","name":"shengxing_huangjin","transform":{}},{"path":"shengxing_bojin","type":"image","name":"shengxing_bojin","transform":{}},{"path":"shengxing_zuanshi","type":"image","name":"shengxing_zuanshi","transform":{}},{"path":"shengxing_wangzhe","type":"image","name":"shengxing_wangzhe","transform":{}},{"path":"wangzhe","type":"image","name":"wangzhe","transform":{"y":-0.5,"x":-0.5}}],"name":"奖杯2"}],"name":""}],"aabb":{"width":554,"y":-294.7491,"height":458.46029999999996,"x":-273.5834},"animation":[{"frame":[],"slot":[{"frame":[{"tweenEasing":0,"duration":80,"color":{"aM":0}},{"tweenEasing":0,"duration":6,"color":{"aM":0}},{"tweenEasing":0,"duration":6},{"tweenEasing":0,"duration":6,"color":{"aM":0}},{"tweenEasing":0,"duration":2,"color":{"aM":0}},{"tweenEasing":0,"duration":6},{"tweenEasing":0,"duration":8},{"tweenEasing":null,"duration":0}],"name":"四角星2"},{"frame":[{"tweenEasing":0,"duration":20,"color":{"aM":0}},{"tweenEasing":0,"duration":20,"color":{"aM":0}},{"tweenEasing":0,"duration":2,"color":{"aM":0}},{"tweenEasing":0,"duration":2},{"tweenEasing":0,"duration":2,"displayIndex":1},{"tweenEasing":0,"duration":2,"displayIndex":2},{"tweenEasing":0,"duration":2,"displayIndex":3},{"tweenEasing":0,"duration":2,"displayIndex":4},{"tweenEasing":0,"duration":2,"displayIndex":5},{"tweenEasing":0,"duration":2,"displayIndex":6},{"tweenEasing":0,"duration":2,"displayIndex":7},{"tweenEasing":0,"duration":2,"displayIndex":8},{"tweenEasing":0,"duration":2,"displayIndex":9},{"tweenEasing":0,"duration":2,"displayIndex":10},{"tweenEasing":0,"duration":2,"displayIndex":11},{"tweenEasing":0,"duration":2,"displayIndex":12},{"tweenEasing":0,"duration":2,"displayIndex":13},{"tweenEasing":0,"duration":2,"displayIndex":14},{"tweenEasing":0,"duration":2,"displayIndex":15},{"tweenEasing":0,"duration":2,"displayIndex":16},{"tweenEasing":0,"duration":2,"displayIndex":17},{"tweenEasing":0,"duration":2,"displayIndex":18},{"tweenEasing":0,"duration":2,"displayIndex":19},{"tweenEasing":0,"duration":2,"displayIndex":20},{"tweenEasing":0,"duration":2,"displayIndex":21},{"tweenEasing":0,"duration":2,"displayIndex":22},{"tweenEasing":0,"duration":2,"displayIndex":23},{"tweenEasing":0,"duration":2,"displayIndex":24},{"tweenEasing":0,"duration":2,"displayIndex":25},{"tweenEasing":null,"duration":20,"displayIndex":26}],"name":"白光"},{"frame":[{"tweenEasing":0,"duration":20},{"tweenEasing":0,"duration":18},{"tweenEasing":0,"duration":76},{"tweenEasing":null,"duration":0}],"name":"成功"},{"frame":[{"tweenEasing":0,"duration":20},{"tweenEasing":0,"duration":18},{"tweenEasing":0,"duration":76},{"tweenEasing":null,"duration":0}],"name":"彩带"},{"frame":[{"tweenEasing":0,"duration":10},{"tweenEasing":0,"duration":8},{"tweenEasing":0,"duration":4},{"tweenEasing":null,"duration":92}],"name":"白银奖杯"},{"frame":[{"tweenEasing":0,"duration":24,"color":{"aM":0}},{"tweenEasing":0,"duration":2,"color":{"aM":0}},{"tweenEasing":0,"duration":18},{"tweenEasing":null,"duration":70,"color":{"aM":0}}],"name":"奖杯2"}],"duration":114,"name":"Animation2_baiyin","bone":[{"frame":[{"duration":80,"transform":{"y":-53,"x":16},"tweenEasing":0},{"duration":6,"transform":{"y":-53.3333,"x":16.6667,"scY":0,"scX":0},"tweenEasing":0},{"duration":6,"transform":{"y":-53.3333,"x":16.6667,"scY":1.5,"scX":1.5},"tweenEasing":0},{"duration":6,"transform":{"y":-53.3333,"x":16.6667,"scY":0,"scX":0},"tweenEasing":0},{"duration":2,"transform":{"y":-53.3333,"x":16.6667,"scY":0,"scX":0},"tweenEasing":0},{"duration":6,"transform":{"y":-16.6667,"x":21.6667,"scY":0,"scX":0},"tweenEasing":0},{"duration":8,"transform":{"y":-16.6667,"x":21.6667,"scY":0.6,"scX":0.6},"tweenEasing":0},{"duration":0,"transform":{"y":-16.6667,"x":21.6667,"scY":0,"scX":0}}],"name":"四角星2"},{"frame":[{"duration":20,"transform":{},"tweenEasing":0},{"duration":20,"transform":{},"tweenEasing":0},{"duration":2,"transform":{},"tweenEasing":0},{"duration":2,"transform":{},"tweenEasing":0},{"duration":2,"transform":{},"tweenEasing":0},{"duration":2,"transform":{},"tweenEasing":0},{"duration":2,"transform":{},"tweenEasing":0},{"duration":2,"transform":{},"tweenEasing":0},{"duration":2,"transform":{},"tweenEasing":0},{"duration":2,"transform":{},"tweenEasing":0},{"duration":2,"transform":{},"tweenEasing":0},{"duration":2,"transform":{},"tweenEasing":0},{"duration":2,"transform":{},"tweenEasing":0},{"duration":2,"transform":{},"tweenEasing":0},{"duration":2,"transform":{},"tweenEasing":0},{"duration":2,"transform":{},"tweenEasing":0},{"duration":2,"transform":{},"tweenEasing":0},{"duration":2,"transform":{},"tweenEasing":0},{"duration":2,"transform":{},"tweenEasing":0},{"duration":2,"transform":{},"tweenEasing":0},{"duration":2,"transform":{},"tweenEasing":0},{"duration":2,"transform":{},"tweenEasing":0},{"duration":2,"transform":{},"tweenEasing":0},{"duration":2,"transform":{},"tweenEasing":0},{"duration":2,"transform":{},"tweenEasing":0},{"duration":2,"transform":{},"tweenEasing":0},{"duration":2,"transform":{},"tweenEasing":0},{"duration":2,"transform":{},"tweenEasing":0},{"duration":2,"transform":{},"tweenEasing":0},{"duration":20,"transform":{}}],"name":"白光"},{"frame":[{"duration":20,"transform":{"scY":0,"scX":0},"tweenEasing":0},{"duration":18,"transform":{"y":10,"scY":0,"scX":0},"tweenEasing":0},{"duration":76,"transform":{},"tweenEasing":0},{"duration":0,"transform":{}}],"name":"成功"},{"frame":[{"duration":20,"transform":{"scY":0,"scX":0},"tweenEasing":0},{"duration":18,"transform":{"y":-10,"scY":0,"scX":0},"tweenEasing":0},{"duration":76,"transform":{},"tweenEasing":0},{"duration":0,"transform":{}}],"name":"彩带"},{"frame":[{"duration":10,"transform":{"x":6,"scY":2,"scX":2},"tweenEasing":0},{"duration":8,"transform":{"x":6,"scY":2,"scX":2},"tweenEasing":0},{"duration":4,"transform":{"x":6,"scY":2,"scX":2},"tweenEasing":0},{"duration":92,"transform":{"x":4}}],"name":"白银奖杯"},{"frame":[{"duration":24,"transform":{"y":-22,"x":-3},"tweenEasing":0},{"duration":2,"transform":{"y":-22,"x":-3},"tweenEasing":0},{"duration":18,"transform":{"y":-22,"x":1},"tweenEasing":0},{"duration":70,"transform":{"y":-23,"x":1,"scY":1.3,"scX":1.3}}],"name":"奖杯2"},{"frame":[{"duration":114,"transform":{}}],"name":"root"}],"ffd":[]},{"frame":[],"slot":[{"frame":[{"tweenEasing":0,"duration":80,"color":{"aM":0}},{"tweenEasing":0,"duration":6,"color":{"aM":0}},{"tweenEasing":0,"duration":6},{"tweenEasing":0,"duration":6,"color":{"aM":0}},{"tweenEasing":0,"duration":2,"color":{"aM":0}},{"tweenEasing":0,"duration":6},{"tweenEasing":0,"duration":8},{"tweenEasing":null,"duration":0}],"name":"四角星2"},{"frame":[{"tweenEasing":0,"duration":20,"color":{"aM":0}},{"tweenEasing":0,"duration":20,"color":{"aM":0}},{"tweenEasing":0,"duration":2,"color":{"aM":0}},{"tweenEasing":0,"duration":2},{"tweenEasing":0,"duration":2,"displayIndex":1},{"tweenEasing":0,"duration":2,"displayIndex":2},{"tweenEasing":0,"duration":2,"displayIndex":3},{"tweenEasing":0,"duration":2,"displayIndex":4},{"tweenEasing":0,"duration":2,"displayIndex":5},{"tweenEasing":0,"duration":2,"displayIndex":6},{"tweenEasing":0,"duration":2,"displayIndex":7},{"tweenEasing":0,"duration":2,"displayIndex":8},{"tweenEasing":0,"duration":2,"displayIndex":9},{"tweenEasing":0,"duration":2,"displayIndex":10},{"tweenEasing":0,"duration":2,"displayIndex":11},{"tweenEasing":0,"duration":2,"displayIndex":12},{"tweenEasing":0,"duration":2,"displayIndex":13},{"tweenEasing":0,"duration":2,"displayIndex":14},{"tweenEasing":0,"duration":2,"displayIndex":15},{"tweenEasing":0,"duration":2,"displayIndex":16},{"tweenEasing":0,"duration":2,"displayIndex":17},{"tweenEasing":0,"duration":2,"displayIndex":18},{"tweenEasing":0,"duration":2,"displayIndex":19},{"tweenEasing":0,"duration":2,"displayIndex":20},{"tweenEasing":0,"duration":2,"displayIndex":21},{"tweenEasing":0,"duration":2,"displayIndex":22},{"tweenEasing":0,"duration":2,"displayIndex":23},{"tweenEasing":0,"duration":2,"displayIndex":24},{"tweenEasing":0,"duration":2,"displayIndex":25},{"tweenEasing":null,"duration":20,"displayIndex":26}],"name":"白光"},{"frame":[{"tweenEasing":0,"duration":20},{"tweenEasing":0,"duration":18},{"tweenEasing":0,"duration":76},{"tweenEasing":null,"duration":0}],"name":"成功"},{"frame":[{"tweenEasing":0,"duration":20},{"tweenEasing":0,"duration":18},{"tweenEasing":0,"duration":76},{"tweenEasing":null,"duration":0}],"name":"彩带"},{"frame":[{"tweenEasing":0,"duration":10,"displayIndex":1},{"tweenEasing":0,"duration":8,"displayIndex":1},{"tweenEasing":0,"duration":4,"displayIndex":1},{"tweenEasing":null,"duration":92,"displayIndex":1}],"name":"白银奖杯"},{"frame":[{"tweenEasing":0,"duration":24,"color":{"aM":0},"displayIndex":1},{"tweenEasing":0,"duration":4,"color":{"aM":0},"displayIndex":1},{"tweenEasing":0,"duration":16,"displayIndex":1},{"tweenEasing":null,"duration":70,"color":{"aM":0},"displayIndex":1}],"name":"奖杯2"}],"duration":114,"name":"Animation1_qingtong","bone":[{"frame":[{"duration":80,"transform":{"y":-53,"x":16},"tweenEasing":0},{"duration":6,"transform":{"y":-53.3333,"x":16.6667,"scY":0,"scX":0},"tweenEasing":0},{"duration":6,"transform":{"y":-53.3333,"x":16.6667,"scY":1.5,"scX":1.5},"tweenEasing":0},{"duration":6,"transform":{"y":-53.3333,"x":16.6667,"scY":0,"scX":0},"tweenEasing":0},{"duration":2,"transform":{"y":-53.3333,"x":16.6667,"scY":0,"scX":0},"tweenEasing":0},{"duration":6,"transform":{"y":-16.6667,"x":21.6667,"scY":0,"scX":0},"tweenEasing":0},{"duration":8,"transform":{"y":-16.6667,"x":21.6667,"scY":0.6,"scX":0.6},"tweenEasing":0},{"duration":0,"transform":{"y":-16.6667,"x":21.6667,"scY":0,"scX":0}}],"name":"四角星2"},{"frame":[{"duration":20,"transform":{},"tweenEasing":0},{"duration":20,"transform":{},"tweenEasing":0},{"duration":2,"transform":{},"tweenEasing":0},{"duration":2,"transform":{},"tweenEasing":0},{"duration":2,"transform":{},"tweenEasing":0},{"duration":2,"transform":{},"tweenEasing":0},{"duration":2,"transform":{},"tweenEasing":0},{"duration":2,"transform":{},"tweenEasing":0},{"duration":2,"transform":{},"tweenEasing":0},{"duration":2,"transform":{},"tweenEasing":0},{"duration":2,"transform":{},"tweenEasing":0},{"duration":2,"transform":{},"tweenEasing":0},{"duration":2,"transform":{},"tweenEasing":0},{"duration":2,"transform":{},"tweenEasing":0},{"duration":2,"transform":{},"tweenEasing":0},{"duration":2,"transform":{},"tweenEasing":0},{"duration":2,"transform":{},"tweenEasing":0},{"duration":2,"transform":{},"tweenEasing":0},{"duration":2,"transform":{},"tweenEasing":0},{"duration":2,"transform":{},"tweenEasing":0},{"duration":2,"transform":{},"tweenEasing":0},{"duration":2,"transform":{},"tweenEasing":0},{"duration":2,"transform":{},"tweenEasing":0},{"duration":2,"transform":{},"tweenEasing":0},{"duration":2,"transform":{},"tweenEasing":0},{"duration":2,"transform":{},"tweenEasing":0},{"duration":2,"transform":{},"tweenEasing":0},{"duration":2,"transform":{},"tweenEasing":0},{"duration":2,"transform":{},"tweenEasing":0},{"duration":20,"transform":{}}],"name":"白光"},{"frame":[{"duration":20,"transform":{"scY":0,"scX":0},"tweenEasing":0},{"duration":18,"transform":{"y":10,"scY":0,"scX":0},"tweenEasing":0},{"duration":76,"transform":{},"tweenEasing":0},{"duration":0,"transform":{}}],"name":"成功"},{"frame":[{"duration":20,"transform":{"scY":0,"scX":0},"tweenEasing":0},{"duration":18,"transform":{"y":-10,"scY":0,"scX":0},"tweenEasing":0},{"duration":76,"transform":{},"tweenEasing":0},{"duration":0,"transform":{}}],"name":"彩带"},{"frame":[{"duration":10,"transform":{"x":6,"scY":2,"scX":2},"tweenEasing":0},{"duration":8,"transform":{"x":6,"scY":2,"scX":2},"tweenEasing":0},{"duration":4,"transform":{"x":6,"scY":2,"scX":2},"tweenEasing":0},{"duration":92,"transform":{"x":4}}],"name":"白银奖杯"},{"frame":[{"duration":24,"transform":{"y":-22,"x":-3},"tweenEasing":0},{"duration":4,"transform":{"y":-22,"x":-3},"tweenEasing":0},{"duration":16,"transform":{"y":-22.1111,"x":1,"scY":1.0333,"scX":1.0333},"tweenEasing":0},{"duration":70,"transform":{"y":-23,"x":1,"scY":1.3,"scX":1.3}}],"name":"奖杯2"},{"frame":[{"duration":114,"transform":{}}],"name":"root"}],"ffd":[]},{"frame":[],"slot":[{"frame":[{"tweenEasing":0,"duration":80,"color":{"aM":0}},{"tweenEasing":0,"duration":6,"color":{"aM":0}},{"tweenEasing":0,"duration":6},{"tweenEasing":0,"duration":6,"color":{"aM":0}},{"tweenEasing":0,"duration":2,"color":{"aM":0}},{"tweenEasing":0,"duration":6,"color":{"aM":0}},{"tweenEasing":0,"duration":8},{"tweenEasing":null,"duration":0}],"name":"四角星2"},{"frame":[{"tweenEasing":0,"duration":20,"color":{"aM":0}},{"tweenEasing":0,"duration":20,"color":{"aM":0}},{"tweenEasing":0,"duration":2,"color":{"aM":0}},{"tweenEasing":0,"duration":2},{"tweenEasing":0,"duration":2,"displayIndex":1},{"tweenEasing":0,"duration":2,"displayIndex":2},{"tweenEasing":0,"duration":2,"displayIndex":3},{"tweenEasing":0,"duration":2,"displayIndex":4},{"tweenEasing":0,"duration":2,"displayIndex":5},{"tweenEasing":0,"duration":2,"displayIndex":6},{"tweenEasing":0,"duration":2,"displayIndex":7},{"tweenEasing":0,"duration":2,"displayIndex":8},{"tweenEasing":0,"duration":2,"displayIndex":9},{"tweenEasing":0,"duration":2,"displayIndex":10},{"tweenEasing":0,"duration":2,"displayIndex":11},{"tweenEasing":0,"duration":2,"displayIndex":12},{"tweenEasing":0,"duration":2,"displayIndex":13},{"tweenEasing":0,"duration":2,"displayIndex":14},{"tweenEasing":0,"duration":2,"displayIndex":15},{"tweenEasing":0,"duration":2,"displayIndex":16},{"tweenEasing":0,"duration":2,"displayIndex":17},{"tweenEasing":0,"duration":2,"displayIndex":18},{"tweenEasing":0,"duration":2,"displayIndex":19},{"tweenEasing":0,"duration":2,"displayIndex":20},{"tweenEasing":0,"duration":2,"displayIndex":21},{"tweenEasing":0,"duration":2,"displayIndex":22},{"tweenEasing":0,"duration":2,"displayIndex":23},{"tweenEasing":0,"duration":2,"displayIndex":24},{"tweenEasing":0,"duration":2,"displayIndex":25},{"tweenEasing":null,"duration":20,"displayIndex":26}],"name":"白光"},{"frame":[{"tweenEasing":0,"duration":20},{"tweenEasing":0,"duration":18},{"tweenEasing":0,"duration":76},{"tweenEasing":null,"duration":0}],"name":"成功"},{"frame":[{"tweenEasing":0,"duration":20},{"tweenEasing":0,"duration":18},{"tweenEasing":0,"duration":76},{"tweenEasing":null,"duration":0}],"name":"彩带"},{"frame":[{"tweenEasing":0,"duration":10,"displayIndex":2},{"tweenEasing":0,"duration":8,"displayIndex":2},{"tweenEasing":0,"duration":4,"displayIndex":2},{"tweenEasing":null,"duration":92,"displayIndex":2}],"name":"白银奖杯"},{"frame":[{"tweenEasing":0,"duration":24,"color":{"aM":0},"displayIndex":2},{"tweenEasing":0,"duration":4,"color":{"aM":0},"displayIndex":2},{"tweenEasing":0,"duration":16,"displayIndex":2},{"tweenEasing":null,"duration":70,"color":{"aM":0},"displayIndex":2}],"name":"奖杯2"}],"duration":114,"name":"Animation3_huangjin","bone":[{"frame":[{"duration":80,"transform":{"y":-53,"x":16},"tweenEasing":0},{"duration":6,"transform":{"y":-53.3333,"x":16.6667,"scY":0,"scX":0},"tweenEasing":0},{"duration":6,"transform":{"y":-53.3333,"x":16.6667,"scY":1.5,"scX":1.5},"tweenEasing":0},{"duration":6,"transform":{"y":-53.3333,"x":16.6667,"scY":0,"scX":0},"tweenEasing":0},{"duration":2,"transform":{"y":-53.3333,"x":16.6667,"scY":0,"scX":0},"tweenEasing":0},{"duration":6,"transform":{"y":-16.6667,"x":21.6667,"scY":0,"scX":0},"tweenEasing":0},{"duration":8,"transform":{"y":-16.6667,"x":21.6667,"scY":0.6,"scX":0.6},"tweenEasing":0},{"duration":0,"transform":{"y":-16.6667,"x":21.6667,"scY":0,"scX":0}}],"name":"四角星2"},{"frame":[{"duration":20,"transform":{},"tweenEasing":0},{"duration":20,"transform":{},"tweenEasing":0},{"duration":2,"transform":{},"tweenEasing":0},{"duration":2,"transform":{},"tweenEasing":0},{"duration":2,"transform":{},"tweenEasing":0},{"duration":2,"transform":{},"tweenEasing":0},{"duration":2,"transform":{},"tweenEasing":0},{"duration":2,"transform":{},"tweenEasing":0},{"duration":2,"transform":{},"tweenEasing":0},{"duration":2,"transform":{},"tweenEasing":0},{"duration":2,"transform":{},"tweenEasing":0},{"duration":2,"transform":{},"tweenEasing":0},{"duration":2,"transform":{},"tweenEasing":0},{"duration":2,"transform":{},"tweenEasing":0},{"duration":2,"transform":{},"tweenEasing":0},{"duration":2,"transform":{},"tweenEasing":0},{"duration":2,"transform":{},"tweenEasing":0},{"duration":2,"transform":{},"tweenEasing":0},{"duration":2,"transform":{},"tweenEasing":0},{"duration":2,"transform":{},"tweenEasing":0},{"duration":2,"transform":{},"tweenEasing":0},{"duration":2,"transform":{},"tweenEasing":0},{"duration":2,"transform":{},"tweenEasing":0},{"duration":2,"transform":{},"tweenEasing":0},{"duration":2,"transform":{},"tweenEasing":0},{"duration":2,"transform":{},"tweenEasing":0},{"duration":2,"transform":{},"tweenEasing":0},{"duration":2,"transform":{},"tweenEasing":0},{"duration":2,"transform":{},"tweenEasing":0},{"duration":20,"transform":{}}],"name":"白光"},{"frame":[{"duration":20,"transform":{"scY":0,"scX":0},"tweenEasing":0},{"duration":18,"transform":{"y":10,"scY":0,"scX":0},"tweenEasing":0},{"duration":76,"transform":{},"tweenEasing":0},{"duration":0,"transform":{}}],"name":"成功"},{"frame":[{"duration":20,"transform":{"scY":0,"scX":0},"tweenEasing":0},{"duration":18,"transform":{"y":-10,"scY":0,"scX":0},"tweenEasing":0},{"duration":76,"transform":{},"tweenEasing":0},{"duration":0,"transform":{}}],"name":"彩带"},{"frame":[{"duration":10,"transform":{"x":6,"scY":2,"scX":2},"tweenEasing":0},{"duration":8,"transform":{"x":6,"scY":2,"scX":2},"tweenEasing":0},{"duration":4,"transform":{"x":6,"scY":2,"scX":2},"tweenEasing":0},{"duration":92,"transform":{"x":4}}],"name":"白银奖杯"},{"frame":[{"duration":24,"transform":{"y":-22,"x":-3},"tweenEasing":0},{"duration":4,"transform":{"y":-22,"x":-3},"tweenEasing":0},{"duration":16,"transform":{"y":-22,"x":1},"tweenEasing":0},{"duration":70,"transform":{"y":-23,"x":1,"scY":1.3,"scX":1.3}}],"name":"奖杯2"},{"frame":[{"duration":114,"transform":{}}],"name":"root"}],"ffd":[]},{"frame":[],"slot":[{"frame":[{"tweenEasing":0,"duration":80,"color":{"aM":0}},{"tweenEasing":0,"duration":6,"color":{"aM":0}},{"tweenEasing":0,"duration":6},{"tweenEasing":0,"duration":6,"color":{"aM":0}},{"tweenEasing":0,"duration":2,"color":{"aM":0}},{"tweenEasing":0,"duration":6},{"tweenEasing":0,"duration":8},{"tweenEasing":null,"duration":0}],"name":"四角星2"},{"frame":[{"tweenEasing":0,"duration":20,"color":{"aM":0}},{"tweenEasing":0,"duration":20,"color":{"aM":0}},{"tweenEasing":0,"duration":2,"color":{"aM":0}},{"tweenEasing":0,"duration":2},{"tweenEasing":0,"duration":2,"displayIndex":1},{"tweenEasing":0,"duration":2,"displayIndex":2},{"tweenEasing":0,"duration":2,"displayIndex":3},{"tweenEasing":0,"duration":2,"displayIndex":4},{"tweenEasing":0,"duration":2,"displayIndex":5},{"tweenEasing":0,"duration":2,"displayIndex":6},{"tweenEasing":0,"duration":2,"displayIndex":7},{"tweenEasing":0,"duration":2,"displayIndex":8},{"tweenEasing":0,"duration":2,"displayIndex":9},{"tweenEasing":0,"duration":2,"displayIndex":10},{"tweenEasing":0,"duration":2,"displayIndex":11},{"tweenEasing":0,"duration":2,"displayIndex":12},{"tweenEasing":0,"duration":2,"displayIndex":13},{"tweenEasing":0,"duration":2,"displayIndex":14},{"tweenEasing":0,"duration":2,"displayIndex":15},{"tweenEasing":0,"duration":2,"displayIndex":16},{"tweenEasing":0,"duration":2,"displayIndex":17},{"tweenEasing":0,"duration":2,"displayIndex":18},{"tweenEasing":0,"duration":2,"displayIndex":19},{"tweenEasing":0,"duration":2,"displayIndex":20},{"tweenEasing":0,"duration":2,"displayIndex":21},{"tweenEasing":0,"duration":2,"displayIndex":22},{"tweenEasing":0,"duration":2,"displayIndex":23},{"tweenEasing":0,"duration":2,"displayIndex":24},{"tweenEasing":0,"duration":2,"displayIndex":25},{"tweenEasing":null,"duration":20,"displayIndex":26}],"name":"白光"},{"frame":[{"tweenEasing":0,"duration":20},{"tweenEasing":0,"duration":18},{"tweenEasing":0,"duration":76},{"tweenEasing":null,"duration":0}],"name":"成功"},{"frame":[{"tweenEasing":0,"duration":20},{"tweenEasing":0,"duration":18},{"tweenEasing":0,"duration":76},{"tweenEasing":null,"duration":0}],"name":"彩带"},{"frame":[{"tweenEasing":0,"duration":10,"displayIndex":3},{"tweenEasing":0,"duration":8,"displayIndex":3},{"tweenEasing":0,"duration":4,"displayIndex":3},{"tweenEasing":null,"duration":92,"displayIndex":3}],"name":"白银奖杯"},{"frame":[{"tweenEasing":0,"duration":24,"color":{"aM":0},"displayIndex":3},{"tweenEasing":0,"duration":4,"color":{"aM":0},"displayIndex":3},{"tweenEasing":0,"duration":16,"displayIndex":3},{"tweenEasing":null,"duration":70,"color":{"aM":0},"displayIndex":2}],"name":"奖杯2"}],"duration":114,"name":"Animation4_bojin","bone":[{"frame":[{"duration":80,"transform":{"y":-53,"x":16},"tweenEasing":0},{"duration":6,"transform":{"y":-53.3333,"x":16.6667,"scY":0,"scX":0},"tweenEasing":0},{"duration":6,"transform":{"y":-53.3333,"x":16.6667,"scY":1.5,"scX":1.5},"tweenEasing":0},{"duration":6,"transform":{"y":-53.3333,"x":16.6667,"scY":0,"scX":0},"tweenEasing":0},{"duration":2,"transform":{"y":-53.3333,"x":16.6667,"scY":0,"scX":0},"tweenEasing":0},{"duration":6,"transform":{"y":-16.6667,"x":21.6667,"scY":0,"scX":0},"tweenEasing":0},{"duration":8,"transform":{"y":-16.6667,"x":21.6667,"scY":0.6,"scX":0.6},"tweenEasing":0},{"duration":0,"transform":{"y":-16.6667,"x":21.6667,"scY":0,"scX":0}}],"name":"四角星2"},{"frame":[{"duration":20,"transform":{},"tweenEasing":0},{"duration":20,"transform":{},"tweenEasing":0},{"duration":2,"transform":{},"tweenEasing":0},{"duration":2,"transform":{},"tweenEasing":0},{"duration":2,"transform":{},"tweenEasing":0},{"duration":2,"transform":{},"tweenEasing":0},{"duration":2,"transform":{},"tweenEasing":0},{"duration":2,"transform":{},"tweenEasing":0},{"duration":2,"transform":{},"tweenEasing":0},{"duration":2,"transform":{},"tweenEasing":0},{"duration":2,"transform":{},"tweenEasing":0},{"duration":2,"transform":{},"tweenEasing":0},{"duration":2,"transform":{},"tweenEasing":0},{"duration":2,"transform":{},"tweenEasing":0},{"duration":2,"transform":{},"tweenEasing":0},{"duration":2,"transform":{},"tweenEasing":0},{"duration":2,"transform":{},"tweenEasing":0},{"duration":2,"transform":{},"tweenEasing":0},{"duration":2,"transform":{},"tweenEasing":0},{"duration":2,"transform":{},"tweenEasing":0},{"duration":2,"transform":{},"tweenEasing":0},{"duration":2,"transform":{},"tweenEasing":0},{"duration":2,"transform":{},"tweenEasing":0},{"duration":2,"transform":{},"tweenEasing":0},{"duration":2,"transform":{},"tweenEasing":0},{"duration":2,"transform":{},"tweenEasing":0},{"duration":2,"transform":{},"tweenEasing":0},{"duration":2,"transform":{},"tweenEasing":0},{"duration":2,"transform":{},"tweenEasing":0},{"duration":20,"transform":{}}],"name":"白光"},{"frame":[{"duration":20,"transform":{"scY":0,"scX":0},"tweenEasing":0},{"duration":18,"transform":{"y":10,"scY":0,"scX":0},"tweenEasing":0},{"duration":76,"transform":{},"tweenEasing":0},{"duration":0,"transform":{}}],"name":"成功"},{"frame":[{"duration":20,"transform":{"scY":0,"scX":0},"tweenEasing":0},{"duration":18,"transform":{"y":-10,"scY":0,"scX":0},"tweenEasing":0},{"duration":76,"transform":{},"tweenEasing":0},{"duration":0,"transform":{}}],"name":"彩带"},{"frame":[{"duration":10,"transform":{"x":6,"scY":2,"scX":2},"tweenEasing":0},{"duration":8,"transform":{"x":6,"scY":2,"scX":2},"tweenEasing":0},{"duration":4,"transform":{"x":6,"scY":2,"scX":2},"tweenEasing":0},{"duration":92,"transform":{"x":4}}],"name":"白银奖杯"},{"frame":[{"duration":24,"transform":{"y":-22,"x":-3},"tweenEasing":0},{"duration":4,"transform":{"y":-22,"x":-3},"tweenEasing":0},{"duration":16,"transform":{"y":-22.1111,"x":1,"scY":1.0333,"scX":1.0333},"tweenEasing":0},{"duration":70,"transform":{"y":-23,"x":1,"scY":1.3,"scX":1.3}}],"name":"奖杯2"},{"frame":[{"duration":114,"transform":{}}],"name":"root"}],"ffd":[]},{"frame":[],"slot":[{"frame":[{"tweenEasing":0,"duration":80,"color":{"aM":0}},{"tweenEasing":0,"duration":6,"color":{"aM":0}},{"tweenEasing":0,"duration":6},{"tweenEasing":0,"duration":6,"color":{"aM":0}},{"tweenEasing":0,"duration":2,"color":{"aM":0}},{"tweenEasing":0,"duration":6},{"tweenEasing":0,"duration":8},{"tweenEasing":null,"duration":0}],"name":"四角星2"},{"frame":[{"tweenEasing":0,"duration":20,"color":{"aM":0}},{"tweenEasing":0,"duration":20,"color":{"aM":0}},{"tweenEasing":0,"duration":2,"color":{"aM":0}},{"tweenEasing":0,"duration":2},{"tweenEasing":0,"duration":2,"displayIndex":1},{"tweenEasing":0,"duration":2,"displayIndex":2},{"tweenEasing":0,"duration":2,"displayIndex":3},{"tweenEasing":0,"duration":2,"displayIndex":4},{"tweenEasing":0,"duration":2,"displayIndex":5},{"tweenEasing":0,"duration":2,"displayIndex":6},{"tweenEasing":0,"duration":2,"displayIndex":7},{"tweenEasing":0,"duration":2,"displayIndex":8},{"tweenEasing":0,"duration":2,"displayIndex":9},{"tweenEasing":0,"duration":2,"displayIndex":10},{"tweenEasing":0,"duration":2,"displayIndex":11},{"tweenEasing":0,"duration":2,"displayIndex":12},{"tweenEasing":0,"duration":2,"displayIndex":13},{"tweenEasing":0,"duration":2,"displayIndex":14},{"tweenEasing":0,"duration":2,"displayIndex":15},{"tweenEasing":0,"duration":2,"displayIndex":16},{"tweenEasing":0,"duration":2,"displayIndex":17},{"tweenEasing":0,"duration":2,"displayIndex":18},{"tweenEasing":0,"duration":2,"displayIndex":19},{"tweenEasing":0,"duration":2,"displayIndex":20},{"tweenEasing":0,"duration":2,"displayIndex":21},{"tweenEasing":0,"duration":2,"displayIndex":22},{"tweenEasing":0,"duration":2,"displayIndex":23},{"tweenEasing":0,"duration":2,"displayIndex":24},{"tweenEasing":0,"duration":2,"displayIndex":25},{"tweenEasing":null,"duration":20,"displayIndex":26}],"name":"白光"},{"frame":[{"tweenEasing":0,"duration":20},{"tweenEasing":0,"duration":18},{"tweenEasing":0,"duration":76},{"tweenEasing":null,"duration":0}],"name":"成功"},{"frame":[{"tweenEasing":0,"duration":20},{"tweenEasing":0,"duration":18},{"tweenEasing":0,"duration":76},{"tweenEasing":null,"duration":0}],"name":"彩带"},{"frame":[{"tweenEasing":0,"duration":10,"displayIndex":4},{"tweenEasing":0,"duration":8,"displayIndex":4},{"tweenEasing":0,"duration":4,"displayIndex":4},{"tweenEasing":null,"duration":92,"displayIndex":4}],"name":"白银奖杯"},{"frame":[{"tweenEasing":0,"duration":24,"color":{"aM":0},"displayIndex":4},{"tweenEasing":0,"duration":4,"color":{"aM":0},"displayIndex":4},{"tweenEasing":0,"duration":16,"displayIndex":4},{"tweenEasing":null,"duration":70,"color":{"aM":0},"displayIndex":4}],"name":"奖杯2"}],"duration":114,"name":"Animation5_zuanshi","bone":[{"frame":[{"duration":80,"transform":{"y":-53,"x":16},"tweenEasing":0},{"duration":6,"transform":{"y":-53.3333,"x":16.6667,"scY":0,"scX":0},"tweenEasing":0},{"duration":6,"transform":{"y":-53.3333,"x":16.6667,"scY":1.5,"scX":1.5},"tweenEasing":0},{"duration":6,"transform":{"y":-53.3333,"x":16.6667,"scY":0,"scX":0},"tweenEasing":0},{"duration":2,"transform":{"y":-53.3333,"x":16.6667,"scY":0,"scX":0},"tweenEasing":0},{"duration":6,"transform":{"y":-16.6667,"x":21.6667,"scY":0,"scX":0},"tweenEasing":0},{"duration":8,"transform":{"y":-16.6667,"x":21.6667,"scY":0.6,"scX":0.6},"tweenEasing":0},{"duration":0,"transform":{"y":-16.6667,"x":21.6667,"scY":0,"scX":0}}],"name":"四角星2"},{"frame":[{"duration":20,"transform":{},"tweenEasing":0},{"duration":20,"transform":{},"tweenEasing":0},{"duration":2,"transform":{},"tweenEasing":0},{"duration":2,"transform":{},"tweenEasing":0},{"duration":2,"transform":{},"tweenEasing":0},{"duration":2,"transform":{},"tweenEasing":0},{"duration":2,"transform":{},"tweenEasing":0},{"duration":2,"transform":{},"tweenEasing":0},{"duration":2,"transform":{},"tweenEasing":0},{"duration":2,"transform":{},"tweenEasing":0},{"duration":2,"transform":{},"tweenEasing":0},{"duration":2,"transform":{},"tweenEasing":0},{"duration":2,"transform":{},"tweenEasing":0},{"duration":2,"transform":{},"tweenEasing":0},{"duration":2,"transform":{},"tweenEasing":0},{"duration":2,"transform":{},"tweenEasing":0},{"duration":2,"transform":{},"tweenEasing":0},{"duration":2,"transform":{},"tweenEasing":0},{"duration":2,"transform":{},"tweenEasing":0},{"duration":2,"transform":{},"tweenEasing":0},{"duration":2,"transform":{},"tweenEasing":0},{"duration":2,"transform":{},"tweenEasing":0},{"duration":2,"transform":{},"tweenEasing":0},{"duration":2,"transform":{},"tweenEasing":0},{"duration":2,"transform":{},"tweenEasing":0},{"duration":2,"transform":{},"tweenEasing":0},{"duration":2,"transform":{},"tweenEasing":0},{"duration":2,"transform":{},"tweenEasing":0},{"duration":2,"transform":{},"tweenEasing":0},{"duration":20,"transform":{}}],"name":"白光"},{"frame":[{"duration":20,"transform":{"scY":0,"scX":0},"tweenEasing":0},{"duration":18,"transform":{"y":10,"scY":0,"scX":0},"tweenEasing":0},{"duration":76,"transform":{},"tweenEasing":0},{"duration":0,"transform":{}}],"name":"成功"},{"frame":[{"duration":20,"transform":{"scY":0,"scX":0},"tweenEasing":0},{"duration":18,"transform":{"y":-10,"scY":0,"scX":0},"tweenEasing":0},{"duration":76,"transform":{},"tweenEasing":0},{"duration":0,"transform":{}}],"name":"彩带"},{"frame":[{"duration":10,"transform":{"x":6,"scY":2,"scX":2},"tweenEasing":0},{"duration":8,"transform":{"x":6,"scY":2,"scX":2},"tweenEasing":0},{"duration":4,"transform":{"x":6,"scY":2,"scX":2},"tweenEasing":0},{"duration":92,"transform":{"x":4}}],"name":"白银奖杯"},{"frame":[{"duration":24,"transform":{"y":-22,"x":-3},"tweenEasing":0},{"duration":4,"transform":{"y":-22,"x":-3},"tweenEasing":0},{"duration":16,"transform":{"y":-22.1111,"x":1,"scY":1.0333,"scX":1.0333},"tweenEasing":0},{"duration":70,"transform":{"y":-23,"x":1,"scY":1.3,"scX":1.3}}],"name":"奖杯2"},{"frame":[{"duration":114,"transform":{}}],"name":"root"}],"ffd":[]},{"frame":[],"slot":[{"frame":[{"tweenEasing":0,"duration":80,"color":{"aM":0}},{"tweenEasing":0,"duration":6,"color":{"aM":0}},{"tweenEasing":0,"duration":6},{"tweenEasing":0,"duration":6,"color":{"aM":0}},{"tweenEasing":0,"duration":2,"color":{"aM":0}},{"tweenEasing":0,"duration":6},{"tweenEasing":0,"duration":8},{"tweenEasing":null,"duration":0}],"name":"四角星2"},{"frame":[{"tweenEasing":0,"duration":20,"color":{"aM":0}},{"tweenEasing":0,"duration":20,"color":{"aM":0}},{"tweenEasing":0,"duration":2,"color":{"aM":0}},{"tweenEasing":0,"duration":2},{"tweenEasing":0,"duration":2,"displayIndex":1},{"tweenEasing":0,"duration":2,"displayIndex":2},{"tweenEasing":0,"duration":2,"displayIndex":3},{"tweenEasing":0,"duration":2,"displayIndex":4},{"tweenEasing":0,"duration":2,"displayIndex":5},{"tweenEasing":0,"duration":2,"displayIndex":6},{"tweenEasing":0,"duration":2,"displayIndex":7},{"tweenEasing":0,"duration":2,"displayIndex":8},{"tweenEasing":0,"duration":2,"displayIndex":9},{"tweenEasing":0,"duration":2,"displayIndex":10},{"tweenEasing":0,"duration":2,"displayIndex":11},{"tweenEasing":0,"duration":2,"displayIndex":12},{"tweenEasing":0,"duration":2,"displayIndex":13},{"tweenEasing":0,"duration":2,"displayIndex":14},{"tweenEasing":0,"duration":2,"displayIndex":15},{"tweenEasing":0,"duration":2,"displayIndex":16},{"tweenEasing":0,"duration":2,"displayIndex":17},{"tweenEasing":0,"duration":2,"displayIndex":18},{"tweenEasing":0,"duration":2,"displayIndex":19},{"tweenEasing":0,"duration":2,"displayIndex":20},{"tweenEasing":0,"duration":2,"displayIndex":21},{"tweenEasing":0,"duration":2,"displayIndex":22},{"tweenEasing":0,"duration":2,"displayIndex":23},{"tweenEasing":0,"duration":2,"displayIndex":24},{"tweenEasing":0,"duration":2,"displayIndex":25},{"tweenEasing":null,"duration":20,"displayIndex":26}],"name":"白光"},{"frame":[{"tweenEasing":0,"duration":20},{"tweenEasing":0,"duration":18},{"tweenEasing":0,"duration":76},{"tweenEasing":null,"duration":0}],"name":"成功"},{"frame":[{"tweenEasing":0,"duration":20},{"tweenEasing":0,"duration":18},{"tweenEasing":0,"duration":76},{"tweenEasing":null,"duration":0}],"name":"彩带"},{"frame":[{"tweenEasing":0,"duration":10,"displayIndex":5},{"tweenEasing":0,"duration":8,"displayIndex":5},{"tweenEasing":0,"duration":4,"displayIndex":5},{"tweenEasing":null,"duration":92,"displayIndex":5}],"name":"白银奖杯"},{"frame":[{"tweenEasing":0,"duration":24,"color":{"aM":0},"displayIndex":5},{"tweenEasing":0,"duration":4,"color":{"aM":0},"displayIndex":5},{"tweenEasing":0,"duration":16,"displayIndex":5},{"tweenEasing":null,"duration":70,"color":{"aM":0},"displayIndex":5}],"name":"奖杯2"}],"duration":114,"name":"Animation6_wangzhe","bone":[{"frame":[{"duration":80,"transform":{"y":-53,"x":16},"tweenEasing":0},{"duration":6,"transform":{"y":-53.3333,"x":16.6667,"scY":0,"scX":0},"tweenEasing":0},{"duration":6,"transform":{"y":-53.3333,"x":16.6667,"scY":1.5,"scX":1.5},"tweenEasing":0},{"duration":6,"transform":{"y":-53.3333,"x":16.6667,"scY":0,"scX":0},"tweenEasing":0},{"duration":2,"transform":{"y":-53.3333,"x":16.6667,"scY":0,"scX":0},"tweenEasing":0},{"duration":6,"transform":{"y":-16.6667,"x":21.6667,"scY":0,"scX":0},"tweenEasing":0},{"duration":8,"transform":{"y":-16.6667,"x":21.6667,"scY":0.6,"scX":0.6},"tweenEasing":0},{"duration":0,"transform":{"y":-16.6667,"x":21.6667,"scY":0,"scX":0}}],"name":"四角星2"},{"frame":[{"duration":20,"transform":{},"tweenEasing":0},{"duration":20,"transform":{},"tweenEasing":0},{"duration":2,"transform":{},"tweenEasing":0},{"duration":2,"transform":{},"tweenEasing":0},{"duration":2,"transform":{},"tweenEasing":0},{"duration":2,"transform":{},"tweenEasing":0},{"duration":2,"transform":{},"tweenEasing":0},{"duration":2,"transform":{},"tweenEasing":0},{"duration":2,"transform":{},"tweenEasing":0},{"duration":2,"transform":{},"tweenEasing":0},{"duration":2,"transform":{},"tweenEasing":0},{"duration":2,"transform":{},"tweenEasing":0},{"duration":2,"transform":{},"tweenEasing":0},{"duration":2,"transform":{},"tweenEasing":0},{"duration":2,"transform":{},"tweenEasing":0},{"duration":2,"transform":{},"tweenEasing":0},{"duration":2,"transform":{},"tweenEasing":0},{"duration":2,"transform":{},"tweenEasing":0},{"duration":2,"transform":{},"tweenEasing":0},{"duration":2,"transform":{},"tweenEasing":0},{"duration":2,"transform":{},"tweenEasing":0},{"duration":2,"transform":{},"tweenEasing":0},{"duration":2,"transform":{},"tweenEasing":0},{"duration":2,"transform":{},"tweenEasing":0},{"duration":2,"transform":{},"tweenEasing":0},{"duration":2,"transform":{},"tweenEasing":0},{"duration":2,"transform":{},"tweenEasing":0},{"duration":2,"transform":{},"tweenEasing":0},{"duration":2,"transform":{},"tweenEasing":0},{"duration":20,"transform":{}}],"name":"白光"},{"frame":[{"duration":20,"transform":{"scY":0,"scX":0},"tweenEasing":0},{"duration":18,"transform":{"y":10,"scY":0,"scX":0},"tweenEasing":0},{"duration":76,"transform":{},"tweenEasing":0},{"duration":0,"transform":{}}],"name":"成功"},{"frame":[{"duration":20,"transform":{"scY":0,"scX":0},"tweenEasing":0},{"duration":18,"transform":{"y":-10,"scY":0,"scX":0},"tweenEasing":0},{"duration":76,"transform":{},"tweenEasing":0},{"duration":0,"transform":{}}],"name":"彩带"},{"frame":[{"duration":10,"transform":{"y":20,"x":9,"scY":2,"scX":2},"tweenEasing":0},{"duration":8,"transform":{"y":20,"x":9,"scY":2,"scX":2},"tweenEasing":0},{"duration":4,"transform":{"y":20,"x":9,"scY":2,"scX":2},"tweenEasing":0},{"duration":92,"transform":{"y":-15,"x":4}}],"name":"白银奖杯"},{"frame":[{"duration":24,"transform":{"y":-22,"x":-3},"tweenEasing":0},{"duration":4,"transform":{"y":-45,"x":-3},"tweenEasing":0},{"duration":16,"transform":{"y":-38,"x":1},"tweenEasing":0},{"duration":70,"transform":{"y":-38,"x":1,"scY":1.3,"scX":1.3}}],"name":"奖杯2"},{"frame":[{"duration":114,"transform":{}}],"name":"root"}],"ffd":[]}],"type":"Armature","frameRate":60,"defaultActions":[{"gotoAndPlay":"Animation2_baiyin"}],"slot":[{"color":{},"name":"奖杯2","parent":"奖杯2"},{"z":1,"color":{},"name":"白银奖杯","parent":"白银奖杯"},{"z":2,"color":{},"name":"彩带","parent":"彩带"},{"z":3,"color":{},"name":"成功","parent":"成功"},{"z":4,"color":{},"name":"白光","parent":"白光"},{"z":5,"color":{},"name":"四角星2","parent":"四角星2"}]}],"name":"dh_jiesuanjiangbei","version":"4.0","isGlobal":0}