{"frameRate":60,"armature":[{"ik":[],"name":"armatureName","bone":[{"name":"root","transform":{}},{"inheritScale":false,"transform":{"y":-134.7206,"x":63.6867},"name":"宝石5","parent":"root"},{"inheritScale":false,"transform":{"y":17.1233,"x":-5.6688},"name":"奖杯2","parent":"root"},{"inheritScale":false,"transform":{"y":-5.8096,"x":-2.7939},"name":"白银奖杯","parent":"root"},{"inheritScale":false,"transform":{"y":-135.1717,"x":-1.9722},"name":"宝石2","parent":"root"},{"inheritScale":false,"transform":{"y":-134.7206,"x":63.6867},"name":"宝石3","parent":"root"},{"inheritScale":false,"transform":{"y":-134.7206,"x":63.6867},"name":"宝石4","parent":"root"},{"inheritScale":false,"transform":{"y":2.5654,"x":-16.1689},"name":"底光_亮","parent":"root"},{"inheritScale":false,"transform":{"y":12.5654,"x":-13.1689},"name":"光前","parent":"root"},{"inheritScale":false,"transform":{"y":-223.837,"x":1.2479},"name":"彩带","parent":"root"},{"inheritScale":false,"transform":{"y":-252.8371,"x":2.4979},"name":"成功","parent":"root"},{"inheritScale":false,"transform":{"y":-258.2938,"x":1.6367},"name":"白光","parent":"root"},{"inheritScale":false,"transform":{"y":-227.8769,"x":127.6645},"name":"四角星2","parent":"root"}],"skin":[{"slot":[{"display":[{"path":"baiyin","type":"image","name":"baiyin","transform":{}},{"path":"qingtong","type":"image","name":"qingtong","transform":{}},{"path":"huangjin","type":"image","name":"huangjin","transform":{}},{"path":"bojin","type":"image","name":"bojin","transform":{}},{"path":"zuanshi","type":"image","name":"zuanshi","transform":{}},{"path":"wangzhe","type":"image","name":"wangzhe","transform":{}}],"name":"奖杯2"},{"display":[{"path":"white1","type":"image","name":"white1","transform":{}},{"path":"white2","type":"image","name":"white2","transform":{}},{"path":"white3","type":"image","name":"white3","transform":{}},{"path":"white4","type":"image","name":"white4","transform":{}},{"path":"white5","type":"image","name":"white5","transform":{}},{"path":"white6","type":"image","name":"white6","transform":{}},{"path":"white7","type":"image","name":"white7","transform":{}},{"path":"white8","type":"image","name":"white8","transform":{}},{"path":"white9","type":"image","name":"white9","transform":{}},{"path":"white10","type":"image","name":"white10","transform":{}},{"path":"white11","type":"image","name":"white11","transform":{}},{"path":"white12","type":"image","name":"white12","transform":{}},{"path":"white13","type":"image","name":"white13","transform":{}},{"path":"white14","type":"image","name":"white14","transform":{}},{"path":"white15","type":"image","name":"white15","transform":{}},{"path":"white16","type":"image","name":"white16","transform":{}},{"path":"white17","type":"image","name":"white17","transform":{}},{"path":"white18","type":"image","name":"white18","transform":{}},{"path":"white19","type":"image","name":"white19","transform":{}},{"path":"white20","type":"image","name":"white20","transform":{}},{"path":"white21","type":"image","name":"white21","transform":{}},{"path":"white22","type":"image","name":"white22","transform":{}},{"path":"white23","type":"image","name":"white23","transform":{}},{"path":"white24","type":"image","name":"white24","transform":{}},{"path":"white25","type":"image","name":"white25","transform":{}},{"path":"white26","type":"image","name":"white26","transform":{}},{"path":"white27","type":"image","name":"white27","transform":{}}],"name":"白光"},{"display":[{"path":"silk ribbon","type":"image","name":"silk ribbon","transform":{}}],"name":"彩带"},{"display":[{"path":"baoshi_baiyin","type":"image","name":"baoshi_baiyin","transform":{}},{"path":"baoshi_qingtong","type":"image","name":"baoshi_qingtong","transform":{}},{"path":"baoshi_huangjin","type":"image","name":"baoshi_huangjin","transform":{}}],"name":"宝石5"},{"display":[{"path":"baoshi_baiyin","type":"image","name":"baoshi_baiyin","transform":{}},{"path":"baoshi_qingtong","type":"image","name":"baoshi_qingtong","transform":{}},{"path":"baoshi_huangjin","type":"image","name":"baoshi_huangjin","transform":{}}],"name":"宝石3"},{"display":[{"path":"baiyin","type":"image","name":"baiyin","transform":{}},{"path":"huangjin","type":"image","name":"huangjin","transform":{}},{"path":"qingtong","type":"image","name":"qingtong","transform":{}},{"path":"bojin","type":"image","name":"bojin","transform":{}},{"path":"zuanshi","type":"image","name":"zuanshi","transform":{}},{"path":"wangzhe","type":"image","name":"wangzhe","transform":{}}],"name":"白银奖杯"},{"display":[{"path":"light_3","type":"image","name":"light_3","transform":{}}],"name":"底光_亮"},{"display":[{"path":"star_4","type":"image","name":"star_4","transform":{}}],"name":"四角星2"},{"display":[{"path":"jinshengchenggong","type":"image","name":"jinshengchenggong","transform":{}}],"name":"成功"},{"display":[{"path":"light_4","type":"image","name":"light_4","transform":{}},{"path":"light_qingtong","type":"image","name":"light_qingtong","transform":{}},{"path":"light_huangjin","type":"image","name":"light_huangjin","transform":{}},{"path":"light_bojin","type":"image","name":"light_bojin","transform":{}}],"name":"光前"},{"display":[{"path":"baoshi_baiyin","type":"image","name":"baoshi_baiyin","transform":{}},{"path":"baoshi_qingtong","type":"image","name":"baoshi_qingtong","transform":{}},{"path":"baoshi_huangjin","type":"image","name":"baoshi_huangjin","transform":{}}],"name":"宝石4"},{"display":[{"path":"baoshi_baiyin","type":"image","name":"baoshi_baiyin","transform":{}},{"path":"baoshi_qingtong","type":"image","name":"baoshi_qingtong","transform":{}},{"path":"baoshi_huangjin","type":"image","name":"baoshi_huangjin","transform":{}}],"name":"宝石2"}],"name":""}],"aabb":{"width":554,"y":-299.837,"height":476.9024,"x":-275.7521},"animation":[{"frame":[],"slot":[{"frame":[{"tweenEasing":0,"duration":110,"color":{"aM":0}},{"tweenEasing":0,"duration":4,"color":{"aM":0}},{"tweenEasing":0,"duration":6},{"tweenEasing":0,"duration":6},{"tweenEasing":0,"duration":6,"color":{"aM":0}},{"tweenEasing":0,"duration":2,"color":{"aM":0}},{"tweenEasing":0,"duration":4},{"tweenEasing":0,"duration":6},{"tweenEasing":null,"duration":0}],"name":"四角星2"},{"frame":[{"tweenEasing":0,"duration":56,"color":{"aM":0}},{"tweenEasing":0,"duration":20,"color":{"aM":0}},{"tweenEasing":0,"duration":2,"color":{"aM":0}},{"tweenEasing":0,"duration":2},{"tweenEasing":0,"duration":2,"displayIndex":1},{"tweenEasing":0,"duration":2,"displayIndex":2},{"tweenEasing":0,"duration":2,"displayIndex":3},{"tweenEasing":0,"duration":2,"displayIndex":4},{"tweenEasing":0,"duration":2,"displayIndex":5},{"tweenEasing":0,"duration":2,"displayIndex":6},{"tweenEasing":0,"duration":2,"displayIndex":7},{"tweenEasing":0,"duration":2,"displayIndex":8},{"tweenEasing":0,"duration":2,"displayIndex":9},{"tweenEasing":0,"duration":2,"displayIndex":10},{"tweenEasing":0,"duration":2,"displayIndex":11},{"tweenEasing":0,"duration":2,"displayIndex":12},{"tweenEasing":0,"duration":2,"displayIndex":13},{"tweenEasing":0,"duration":2,"displayIndex":14},{"tweenEasing":0,"duration":2,"displayIndex":15},{"tweenEasing":0,"duration":2,"displayIndex":16},{"tweenEasing":0,"duration":2,"displayIndex":17},{"tweenEasing":0,"duration":2,"displayIndex":18},{"tweenEasing":0,"duration":2,"displayIndex":19},{"tweenEasing":0,"duration":2,"displayIndex":20},{"tweenEasing":0,"duration":2,"displayIndex":21},{"tweenEasing":0,"duration":2,"displayIndex":22},{"tweenEasing":0,"duration":2,"displayIndex":23},{"tweenEasing":0,"duration":2,"displayIndex":24},{"tweenEasing":0,"duration":2,"displayIndex":25},{"tweenEasing":null,"duration":14,"displayIndex":26}],"name":"白光"},{"frame":[{"tweenEasing":0,"duration":56},{"tweenEasing":0,"duration":18},{"tweenEasing":0,"duration":70},{"tweenEasing":null,"duration":0}],"name":"成功"},{"frame":[{"tweenEasing":0,"duration":56},{"tweenEasing":0,"duration":18},{"tweenEasing":0,"duration":70},{"tweenEasing":null,"duration":0}],"name":"彩带"},{"frame":[{"tweenEasing":0,"duration":6,"color":{"aM":0},"displayIndex":1},{"tweenEasing":0,"duration":12,"color":{"aM":0},"displayIndex":1},{"tweenEasing":0,"duration":14,"displayIndex":1},{"tweenEasing":0,"duration":10,"displayIndex":1},{"tweenEasing":null,"duration":102,"color":{"aM":0},"displayIndex":1}],"name":"光前"},{"frame":[{"tweenEasing":0,"duration":20,"displayIndex":1},{"tweenEasing":0,"duration":2,"displayIndex":1},{"tweenEasing":null,"duration":122,"color":{"aM":0},"displayIndex":1}],"name":"宝石4"},{"frame":[{"tweenEasing":0,"duration":20,"displayIndex":1},{"tweenEasing":0,"duration":2,"displayIndex":1},{"tweenEasing":null,"duration":122,"color":{"aM":0},"displayIndex":1}],"name":"宝石2"},{"frame":[{"tweenEasing":0,"duration":32,"displayIndex":2},{"tweenEasing":0,"duration":10},{"tweenEasing":0,"duration":10},{"tweenEasing":0,"duration":4},{"tweenEasing":null,"duration":88}],"name":"白银奖杯"},{"frame":[{"tweenEasing":0,"duration":60,"color":{"aM":0}},{"tweenEasing":0,"duration":2,"color":{"aM":0}},{"tweenEasing":0,"duration":18},{"tweenEasing":null,"duration":64,"color":{"aM":0}}],"name":"奖杯2"},{"frame":[{"tweenEasing":0,"duration":8,"color":{"aM":0}},{"tweenEasing":0,"duration":6},{"tweenEasing":0,"duration":22},{"tweenEasing":null,"duration":108,"color":{"aM":0}}],"name":"底光_亮"},{"frame":[{"tweenEasing":null,"duration":144,"displayIndex":-1}],"name":"宝石3"},{"frame":[{"tweenEasing":null,"duration":144,"displayIndex":-1}],"name":"宝石5"}],"duration":144,"name":"1_shengbaiyin","bone":[{"frame":[{"duration":110,"transform":{},"tweenEasing":0},{"duration":4,"transform":{"y":-53.3333,"x":16.6667,"scY":0,"scX":0},"tweenEasing":0},{"duration":6,"transform":{"y":-53.3333,"x":16.6667,"scY":0,"scX":0},"tweenEasing":0},{"duration":6,"transform":{"y":-53.3333,"x":16.6667,"scY":1.5,"scX":1.5},"tweenEasing":0},{"duration":6,"transform":{"y":-53.3333,"x":16.6667,"scY":0,"scX":0},"tweenEasing":0},{"duration":2,"transform":{"y":-53.3333,"x":16.6667,"scY":0,"scX":0},"tweenEasing":0},{"duration":4,"transform":{"y":-16.6667,"x":21.6667,"scY":0,"scX":0},"tweenEasing":0},{"duration":6,"transform":{"y":-16.6667,"x":21.6667,"scY":0.6,"scX":0.6},"tweenEasing":0},{"duration":0,"transform":{"y":-16.6667,"x":21.6667,"scY":0,"scX":0}}],"name":"四角星2"},{"frame":[{"duration":56,"transform":{},"tweenEasing":0},{"duration":20,"transform":{},"tweenEasing":0},{"duration":2,"transform":{},"tweenEasing":0},{"duration":2,"transform":{},"tweenEasing":0},{"duration":2,"transform":{},"tweenEasing":0},{"duration":2,"transform":{},"tweenEasing":0},{"duration":2,"transform":{},"tweenEasing":0},{"duration":2,"transform":{},"tweenEasing":0},{"duration":2,"transform":{},"tweenEasing":0},{"duration":2,"transform":{},"tweenEasing":0},{"duration":2,"transform":{},"tweenEasing":0},{"duration":2,"transform":{},"tweenEasing":0},{"duration":2,"transform":{},"tweenEasing":0},{"duration":2,"transform":{},"tweenEasing":0},{"duration":2,"transform":{},"tweenEasing":0},{"duration":2,"transform":{},"tweenEasing":0},{"duration":2,"transform":{},"tweenEasing":0},{"duration":2,"transform":{},"tweenEasing":0},{"duration":2,"transform":{},"tweenEasing":0},{"duration":2,"transform":{},"tweenEasing":0},{"duration":2,"transform":{},"tweenEasing":0},{"duration":2,"transform":{},"tweenEasing":0},{"duration":2,"transform":{},"tweenEasing":0},{"duration":2,"transform":{},"tweenEasing":0},{"duration":2,"transform":{},"tweenEasing":0},{"duration":2,"transform":{},"tweenEasing":0},{"duration":2,"transform":{},"tweenEasing":0},{"duration":2,"transform":{},"tweenEasing":0},{"duration":2,"transform":{},"tweenEasing":0},{"duration":14,"transform":{}}],"name":"白光"},{"frame":[{"duration":56,"transform":{"scY":0,"scX":0},"tweenEasing":0},{"duration":18,"transform":{"y":10,"scY":0,"scX":0},"tweenEasing":0},{"duration":70,"transform":{},"tweenEasing":0},{"duration":0,"transform":{}}],"name":"成功"},{"frame":[{"duration":56,"transform":{"scY":0,"scX":0},"tweenEasing":0},{"duration":18,"transform":{"y":-10,"scY":0,"scX":0},"tweenEasing":0},{"duration":70,"transform":{},"tweenEasing":0},{"duration":0,"transform":{}}],"name":"彩带"},{"frame":[{"duration":6,"transform":{"y":-56,"x":14,"scY":4,"scX":4},"tweenEasing":0},{"duration":12,"transform":{"y":-56,"x":14,"scY":4,"scX":4},"tweenEasing":0},{"duration":14,"transform":{"y":-56,"x":14,"scY":4,"scX":4},"tweenEasing":0},{"duration":10,"transform":{"y":-56,"x":14,"scY":4.4,"scX":4.4},"tweenEasing":0},{"duration":102,"transform":{"y":-56,"x":14,"scY":4.8,"scX":4.8}}],"name":"光前"},{"frame":[{"duration":20,"transform":{"y":-4,"x":6},"tweenEasing":0},{"duration":2,"transform":{"y":-4,"x":6},"tweenEasing":0},{"duration":122,"transform":{"y":-4,"x":6}}],"name":"宝石4"},{"frame":[{"duration":20,"transform":{"y":-3,"x":4},"tweenEasing":0},{"duration":2,"transform":{"y":-3,"x":4},"tweenEasing":0},{"duration":122,"transform":{"y":-3,"x":4}}],"name":"宝石2"},{"frame":[{"duration":32,"transform":{"x":4},"tweenEasing":0},{"duration":10,"transform":{"x":4},"tweenEasing":0},{"duration":10,"transform":{"x":4},"tweenEasing":0},{"duration":4,"transform":{"x":4,"scY":2.5,"scX":2.5},"tweenEasing":0},{"duration":88,"transform":{"x":4}}],"name":"白银奖杯"},{"frame":[{"duration":60,"transform":{"y":-23,"x":7},"tweenEasing":0},{"duration":2,"transform":{"y":-23,"x":7},"tweenEasing":0},{"duration":18,"transform":{"y":-23,"x":7},"tweenEasing":0},{"duration":64,"transform":{"y":-23,"x":7,"scY":1.5,"scX":1.5}}],"name":"奖杯2"},{"frame":[{"duration":8,"transform":{"scY":0,"scX":0},"tweenEasing":0},{"duration":6,"transform":{"scY":2,"scX":2},"tweenEasing":0},{"duration":22,"transform":{"scY":2,"scX":2},"tweenEasing":0},{"duration":108,"transform":{"scY":2,"scX":2}}],"name":"底光_亮"},{"frame":[{"duration":144,"transform":{}}],"name":"root"},{"frame":[{"duration":144,"transform":{}}],"name":"宝石5"},{"frame":[{"duration":144,"transform":{}}],"name":"宝石3"}],"ffd":[]},{"frame":[],"slot":[{"frame":[{"tweenEasing":0,"duration":110,"color":{"aM":0}},{"tweenEasing":0,"duration":4,"color":{"aM":0}},{"tweenEasing":0,"duration":6},{"tweenEasing":0,"duration":6},{"tweenEasing":0,"duration":6,"color":{"aM":0}},{"tweenEasing":0,"duration":2,"color":{"aM":0}},{"tweenEasing":0,"duration":4},{"tweenEasing":0,"duration":6},{"tweenEasing":null,"duration":0}],"name":"四角星2"},{"frame":[{"tweenEasing":0,"duration":56,"color":{"aM":0}},{"tweenEasing":0,"duration":20,"color":{"aM":0}},{"tweenEasing":0,"duration":2,"color":{"aM":0}},{"tweenEasing":0,"duration":2},{"tweenEasing":0,"duration":2,"displayIndex":1},{"tweenEasing":0,"duration":2,"displayIndex":2},{"tweenEasing":0,"duration":2,"displayIndex":3},{"tweenEasing":0,"duration":2,"displayIndex":4},{"tweenEasing":0,"duration":2,"displayIndex":5},{"tweenEasing":0,"duration":2,"displayIndex":6},{"tweenEasing":0,"duration":2,"displayIndex":7},{"tweenEasing":0,"duration":2,"displayIndex":8},{"tweenEasing":0,"duration":2,"displayIndex":9},{"tweenEasing":0,"duration":2,"displayIndex":10},{"tweenEasing":0,"duration":2,"displayIndex":11},{"tweenEasing":0,"duration":2,"displayIndex":12},{"tweenEasing":0,"duration":2,"displayIndex":13},{"tweenEasing":0,"duration":2,"displayIndex":14},{"tweenEasing":0,"duration":2,"displayIndex":15},{"tweenEasing":0,"duration":2,"displayIndex":16},{"tweenEasing":0,"duration":2,"displayIndex":17},{"tweenEasing":0,"duration":2,"displayIndex":18},{"tweenEasing":0,"duration":2,"displayIndex":19},{"tweenEasing":0,"duration":2,"displayIndex":20},{"tweenEasing":0,"duration":2,"displayIndex":21},{"tweenEasing":0,"duration":2,"displayIndex":22},{"tweenEasing":0,"duration":2,"displayIndex":23},{"tweenEasing":0,"duration":2,"displayIndex":24},{"tweenEasing":0,"duration":2,"displayIndex":25},{"tweenEasing":null,"duration":14,"displayIndex":26}],"name":"白光"},{"frame":[{"tweenEasing":0,"duration":56},{"tweenEasing":0,"duration":18},{"tweenEasing":0,"duration":70},{"tweenEasing":null,"duration":0}],"name":"成功"},{"frame":[{"tweenEasing":0,"duration":56},{"tweenEasing":0,"duration":18},{"tweenEasing":0,"duration":70},{"tweenEasing":null,"duration":0}],"name":"彩带"},{"frame":[{"tweenEasing":0,"duration":6,"color":{"aM":0}},{"tweenEasing":0,"duration":12,"color":{"aM":0}},{"tweenEasing":0,"duration":14},{"tweenEasing":0,"duration":10},{"tweenEasing":null,"duration":102,"color":{"aM":0}}],"name":"光前"},{"frame":[{"tweenEasing":0,"duration":20},{"tweenEasing":0,"duration":2},{"tweenEasing":null,"duration":122,"color":{"aM":0}}],"name":"宝石4"},{"frame":[{"tweenEasing":0,"duration":20},{"tweenEasing":0,"duration":2},{"tweenEasing":null,"duration":122,"color":{"aM":0}}],"name":"宝石2"},{"frame":[{"tweenEasing":0,"duration":30},{"tweenEasing":0,"duration":8,"displayIndex":1},{"tweenEasing":0,"duration":14,"displayIndex":1},{"tweenEasing":0,"duration":4,"displayIndex":1},{"tweenEasing":null,"duration":88,"displayIndex":1}],"name":"白银奖杯"},{"frame":[{"tweenEasing":0,"duration":60,"color":{"aM":0},"displayIndex":5},{"tweenEasing":0,"duration":2,"color":{"aM":0},"displayIndex":2},{"tweenEasing":0,"duration":18,"displayIndex":2},{"tweenEasing":null,"duration":64,"color":{"aM":0},"displayIndex":2}],"name":"奖杯2"},{"frame":[{"tweenEasing":0,"duration":8,"color":{"aM":0}},{"tweenEasing":0,"duration":6},{"tweenEasing":0,"duration":22},{"tweenEasing":null,"duration":108,"color":{"aM":0}}],"name":"底光_亮"},{"frame":[{"tweenEasing":null,"duration":144,"displayIndex":-1}],"name":"宝石3"},{"frame":[{"tweenEasing":null,"duration":144,"displayIndex":-1}],"name":"宝石5"}],"duration":144,"name":"2_shenghuangjin","bone":[{"frame":[{"duration":110,"transform":{},"tweenEasing":0},{"duration":4,"transform":{"y":-53.3333,"x":16.6667,"scY":0,"scX":0},"tweenEasing":0},{"duration":6,"transform":{"y":-53.3333,"x":16.6667,"scY":0,"scX":0},"tweenEasing":0},{"duration":6,"transform":{"y":-53.3333,"x":16.6667,"scY":1.5,"scX":1.5},"tweenEasing":0},{"duration":6,"transform":{"y":-53.3333,"x":16.6667,"scY":0,"scX":0},"tweenEasing":0},{"duration":2,"transform":{"y":-53.3333,"x":16.6667,"scY":0,"scX":0},"tweenEasing":0},{"duration":4,"transform":{"y":-16.6667,"x":21.6667,"scY":0,"scX":0},"tweenEasing":0},{"duration":6,"transform":{"y":-16.6667,"x":21.6667,"scY":0.6,"scX":0.6},"tweenEasing":0},{"duration":0,"transform":{"y":-16.6667,"x":21.6667,"scY":0,"scX":0}}],"name":"四角星2"},{"frame":[{"duration":56,"transform":{},"tweenEasing":0},{"duration":20,"transform":{},"tweenEasing":0},{"duration":2,"transform":{},"tweenEasing":0},{"duration":2,"transform":{},"tweenEasing":0},{"duration":2,"transform":{},"tweenEasing":0},{"duration":2,"transform":{},"tweenEasing":0},{"duration":2,"transform":{},"tweenEasing":0},{"duration":2,"transform":{},"tweenEasing":0},{"duration":2,"transform":{},"tweenEasing":0},{"duration":2,"transform":{},"tweenEasing":0},{"duration":2,"transform":{},"tweenEasing":0},{"duration":2,"transform":{},"tweenEasing":0},{"duration":2,"transform":{},"tweenEasing":0},{"duration":2,"transform":{},"tweenEasing":0},{"duration":2,"transform":{},"tweenEasing":0},{"duration":2,"transform":{},"tweenEasing":0},{"duration":2,"transform":{},"tweenEasing":0},{"duration":2,"transform":{},"tweenEasing":0},{"duration":2,"transform":{},"tweenEasing":0},{"duration":2,"transform":{},"tweenEasing":0},{"duration":2,"transform":{},"tweenEasing":0},{"duration":2,"transform":{},"tweenEasing":0},{"duration":2,"transform":{},"tweenEasing":0},{"duration":2,"transform":{},"tweenEasing":0},{"duration":2,"transform":{},"tweenEasing":0},{"duration":2,"transform":{},"tweenEasing":0},{"duration":2,"transform":{},"tweenEasing":0},{"duration":2,"transform":{},"tweenEasing":0},{"duration":2,"transform":{},"tweenEasing":0},{"duration":14,"transform":{}}],"name":"白光"},{"frame":[{"duration":56,"transform":{"scY":0,"scX":0},"tweenEasing":0},{"duration":18,"transform":{"y":10,"scY":0,"scX":0},"tweenEasing":0},{"duration":70,"transform":{},"tweenEasing":0},{"duration":0,"transform":{}}],"name":"成功"},{"frame":[{"duration":56,"transform":{"scY":0,"scX":0},"tweenEasing":0},{"duration":18,"transform":{"y":-10,"scY":0,"scX":0},"tweenEasing":0},{"duration":70,"transform":{},"tweenEasing":0},{"duration":0,"transform":{}}],"name":"彩带"},{"frame":[{"duration":6,"transform":{"y":-60,"x":12,"scY":4,"scX":4},"tweenEasing":0},{"duration":12,"transform":{"y":-60,"x":12,"scY":4,"scX":4},"tweenEasing":0},{"duration":14,"transform":{"y":-60,"x":12,"scY":4,"scX":4},"tweenEasing":0},{"duration":10,"transform":{"y":-60,"x":12,"scY":4.4,"scX":4.4},"tweenEasing":0},{"duration":102,"transform":{"y":-60,"x":12,"scY":4.8,"scX":4.8}}],"name":"光前"},{"frame":[{"duration":20,"transform":{"y":1,"x":6},"tweenEasing":0},{"duration":2,"transform":{"y":1,"x":6},"tweenEasing":0},{"duration":122,"transform":{"y":1,"x":6}}],"name":"宝石4"},{"frame":[{"duration":20,"transform":{"y":1,"x":5},"tweenEasing":0},{"duration":2,"transform":{"y":1,"x":5},"tweenEasing":0},{"duration":122,"transform":{"y":1,"x":5}}],"name":"宝石2"},{"frame":[{"duration":30,"transform":{"x":6},"tweenEasing":0},{"duration":8,"transform":{"x":6},"tweenEasing":0},{"duration":14,"transform":{"x":6},"tweenEasing":0},{"duration":4,"transform":{"y":20,"x":6,"scY":2.4,"scX":2.4},"tweenEasing":0},{"duration":88,"transform":{"x":6}}],"name":"白银奖杯"},{"frame":[{"duration":60,"transform":{"y":-23,"x":9},"tweenEasing":0},{"duration":2,"transform":{"y":-23,"x":9},"tweenEasing":0},{"duration":18,"transform":{"y":-23,"x":9},"tweenEasing":0},{"duration":64,"transform":{"y":-23,"x":9,"scY":1.5,"scX":1.5}}],"name":"奖杯2"},{"frame":[{"duration":8,"transform":{"scY":0,"scX":0},"tweenEasing":0},{"duration":6,"transform":{"scY":2,"scX":2},"tweenEasing":0},{"duration":22,"transform":{"scY":2,"scX":2},"tweenEasing":0},{"duration":108,"transform":{"scY":2,"scX":2}}],"name":"底光_亮"},{"frame":[{"duration":144,"transform":{}}],"name":"root"},{"frame":[{"duration":144,"transform":{}}],"name":"宝石5"},{"frame":[{"duration":144,"transform":{}}],"name":"宝石3"}],"ffd":[]},{"frame":[],"slot":[{"frame":[{"tweenEasing":0,"duration":110,"color":{"aM":0}},{"tweenEasing":0,"duration":4,"color":{"aM":0}},{"tweenEasing":0,"duration":6},{"tweenEasing":0,"duration":6},{"tweenEasing":0,"duration":6,"color":{"aM":0}},{"tweenEasing":0,"duration":2,"color":{"aM":0}},{"tweenEasing":0,"duration":4},{"tweenEasing":0,"duration":6},{"tweenEasing":null,"duration":0}],"name":"四角星2"},{"frame":[{"tweenEasing":0,"duration":56,"color":{"aM":0}},{"tweenEasing":0,"duration":20,"color":{"aM":0}},{"tweenEasing":0,"duration":2,"color":{"aM":0}},{"tweenEasing":0,"duration":2},{"tweenEasing":0,"duration":2,"displayIndex":1},{"tweenEasing":0,"duration":2,"displayIndex":2},{"tweenEasing":0,"duration":2,"displayIndex":3},{"tweenEasing":0,"duration":2,"displayIndex":4},{"tweenEasing":0,"duration":2,"displayIndex":5},{"tweenEasing":0,"duration":2,"displayIndex":6},{"tweenEasing":0,"duration":2,"displayIndex":7},{"tweenEasing":0,"duration":2,"displayIndex":8},{"tweenEasing":0,"duration":2,"displayIndex":9},{"tweenEasing":0,"duration":2,"displayIndex":10},{"tweenEasing":0,"duration":2,"displayIndex":11},{"tweenEasing":0,"duration":2,"displayIndex":12},{"tweenEasing":0,"duration":2,"displayIndex":13},{"tweenEasing":0,"duration":2,"displayIndex":14},{"tweenEasing":0,"duration":2,"displayIndex":15},{"tweenEasing":0,"duration":2,"displayIndex":16},{"tweenEasing":0,"duration":2,"displayIndex":17},{"tweenEasing":0,"duration":2,"displayIndex":18},{"tweenEasing":0,"duration":2,"displayIndex":19},{"tweenEasing":0,"duration":2,"displayIndex":20},{"tweenEasing":0,"duration":2,"displayIndex":21},{"tweenEasing":0,"duration":2,"displayIndex":22},{"tweenEasing":0,"duration":2,"displayIndex":23},{"tweenEasing":0,"duration":2,"displayIndex":24},{"tweenEasing":0,"duration":2,"displayIndex":25},{"tweenEasing":null,"duration":14,"displayIndex":26}],"name":"白光"},{"frame":[{"tweenEasing":0,"duration":56},{"tweenEasing":0,"duration":18},{"tweenEasing":0,"duration":70},{"tweenEasing":null,"duration":0}],"name":"成功"},{"frame":[{"tweenEasing":0,"duration":56},{"tweenEasing":0,"duration":18},{"tweenEasing":0,"duration":70},{"tweenEasing":null,"duration":0}],"name":"彩带"},{"frame":[{"tweenEasing":0,"duration":6,"color":{"aM":0},"displayIndex":2},{"tweenEasing":0,"duration":12,"color":{"aM":0},"displayIndex":2},{"tweenEasing":0,"duration":12,"displayIndex":2},{"tweenEasing":0,"duration":12,"displayIndex":2},{"tweenEasing":null,"duration":102,"color":{"aM":0},"displayIndex":2}],"name":"光前"},{"frame":[{"tweenEasing":0,"duration":20,"displayIndex":2},{"tweenEasing":0,"duration":2,"displayIndex":2},{"tweenEasing":null,"duration":122,"color":{"aM":0},"displayIndex":2}],"name":"宝石4"},{"frame":[{"tweenEasing":0,"duration":20,"displayIndex":2},{"tweenEasing":0,"duration":2,"displayIndex":2},{"tweenEasing":null,"duration":122,"color":{"aM":0},"displayIndex":2}],"name":"宝石2"},{"frame":[{"tweenEasing":0,"duration":32,"displayIndex":1},{"tweenEasing":0,"duration":6,"displayIndex":3},{"tweenEasing":0,"duration":14,"displayIndex":3},{"tweenEasing":0,"duration":4,"displayIndex":3},{"tweenEasing":null,"duration":88,"displayIndex":3}],"name":"白银奖杯"},{"frame":[{"tweenEasing":0,"duration":60,"color":{"aM":0},"displayIndex":3},{"tweenEasing":0,"duration":2,"color":{"aM":0},"displayIndex":3},{"tweenEasing":0,"duration":18,"displayIndex":3},{"tweenEasing":null,"duration":64,"color":{"aM":0},"displayIndex":3}],"name":"奖杯2"},{"frame":[{"tweenEasing":0,"duration":8,"color":{"aM":0}},{"tweenEasing":0,"duration":6},{"tweenEasing":0,"duration":22},{"tweenEasing":null,"duration":108,"color":{"aM":0}}],"name":"底光_亮"},{"frame":[{"tweenEasing":null,"duration":144,"displayIndex":-1}],"name":"宝石3"},{"frame":[{"tweenEasing":null,"duration":144,"displayIndex":-1}],"name":"宝石5"}],"duration":144,"name":"3_shengbojin","bone":[{"frame":[{"duration":110,"transform":{},"tweenEasing":0},{"duration":4,"transform":{"y":-53.3333,"x":16.6667,"scY":0,"scX":0},"tweenEasing":0},{"duration":6,"transform":{"y":-53.3333,"x":16.6667,"scY":0,"scX":0},"tweenEasing":0},{"duration":6,"transform":{"y":-53.3333,"x":16.6667,"scY":1.5,"scX":1.5},"tweenEasing":0},{"duration":6,"transform":{"y":-53.3333,"x":16.6667,"scY":0,"scX":0},"tweenEasing":0},{"duration":2,"transform":{"y":-53.3333,"x":16.6667,"scY":0,"scX":0},"tweenEasing":0},{"duration":4,"transform":{"y":-16.6667,"x":21.6667,"scY":0,"scX":0},"tweenEasing":0},{"duration":6,"transform":{"y":-16.6667,"x":21.6667,"scY":0.6,"scX":0.6},"tweenEasing":0},{"duration":0,"transform":{"y":-16.6667,"x":21.6667,"scY":0,"scX":0}}],"name":"四角星2"},{"frame":[{"duration":56,"transform":{},"tweenEasing":0},{"duration":20,"transform":{},"tweenEasing":0},{"duration":2,"transform":{},"tweenEasing":0},{"duration":2,"transform":{},"tweenEasing":0},{"duration":2,"transform":{},"tweenEasing":0},{"duration":2,"transform":{},"tweenEasing":0},{"duration":2,"transform":{},"tweenEasing":0},{"duration":2,"transform":{},"tweenEasing":0},{"duration":2,"transform":{},"tweenEasing":0},{"duration":2,"transform":{},"tweenEasing":0},{"duration":2,"transform":{},"tweenEasing":0},{"duration":2,"transform":{},"tweenEasing":0},{"duration":2,"transform":{},"tweenEasing":0},{"duration":2,"transform":{},"tweenEasing":0},{"duration":2,"transform":{},"tweenEasing":0},{"duration":2,"transform":{},"tweenEasing":0},{"duration":2,"transform":{},"tweenEasing":0},{"duration":2,"transform":{},"tweenEasing":0},{"duration":2,"transform":{},"tweenEasing":0},{"duration":2,"transform":{},"tweenEasing":0},{"duration":2,"transform":{},"tweenEasing":0},{"duration":2,"transform":{},"tweenEasing":0},{"duration":2,"transform":{},"tweenEasing":0},{"duration":2,"transform":{},"tweenEasing":0},{"duration":2,"transform":{},"tweenEasing":0},{"duration":2,"transform":{},"tweenEasing":0},{"duration":2,"transform":{},"tweenEasing":0},{"duration":2,"transform":{},"tweenEasing":0},{"duration":2,"transform":{},"tweenEasing":0},{"duration":14,"transform":{}}],"name":"白光"},{"frame":[{"duration":56,"transform":{"scY":0,"scX":0},"tweenEasing":0},{"duration":18,"transform":{"y":10,"scY":0,"scX":0},"tweenEasing":0},{"duration":70,"transform":{},"tweenEasing":0},{"duration":0,"transform":{}}],"name":"成功"},{"frame":[{"duration":56,"transform":{"scY":0,"scX":0},"tweenEasing":0},{"duration":18,"transform":{"y":-10,"scY":0,"scX":0},"tweenEasing":0},{"duration":70,"transform":{},"tweenEasing":0},{"duration":0,"transform":{}}],"name":"彩带"},{"frame":[{"duration":6,"transform":{"y":-60,"x":13,"scY":4,"scX":4},"tweenEasing":0},{"duration":12,"transform":{"y":-60,"x":13,"scY":4,"scX":4},"tweenEasing":0},{"duration":12,"transform":{"y":-60,"x":13,"scY":4,"scX":4},"tweenEasing":0},{"duration":12,"transform":{"y":-60,"x":13,"scY":4.4,"scX":4.4},"tweenEasing":0},{"duration":102,"transform":{"y":-60,"x":13,"scY":4.8,"scX":4.8}}],"name":"光前"},{"frame":[{"duration":20,"transform":{"y":-6,"x":5},"tweenEasing":0},{"duration":2,"transform":{"y":-6,"x":5},"tweenEasing":0},{"duration":122,"transform":{"y":-6,"x":5}}],"name":"宝石4"},{"frame":[{"duration":20,"transform":{"y":-6,"x":2},"tweenEasing":0},{"duration":2,"transform":{"y":-6,"x":2},"tweenEasing":0},{"duration":122,"transform":{"y":-6,"x":2}}],"name":"宝石2"},{"frame":[{"duration":32,"transform":{"x":4},"tweenEasing":0},{"duration":6,"transform":{"x":4},"tweenEasing":0},{"duration":14,"transform":{"x":4},"tweenEasing":0},{"duration":4,"transform":{"y":21,"x":5,"scY":2.4,"scX":2.4},"tweenEasing":0},{"duration":88,"transform":{"x":4}}],"name":"白银奖杯"},{"frame":[{"duration":60,"transform":{"y":-22,"x":7},"tweenEasing":0},{"duration":2,"transform":{"y":-22,"x":7},"tweenEasing":0},{"duration":18,"transform":{"y":-22,"x":7},"tweenEasing":0},{"duration":64,"transform":{"y":-23,"x":7,"scY":1.5,"scX":1.5}}],"name":"奖杯2"},{"frame":[{"duration":8,"transform":{"scY":0,"scX":0},"tweenEasing":0},{"duration":6,"transform":{"scY":2,"scX":2},"tweenEasing":0},{"duration":22,"transform":{"scY":2,"scX":2},"tweenEasing":0},{"duration":108,"transform":{"scY":2,"scX":2}}],"name":"底光_亮"},{"frame":[{"duration":144,"transform":{}}],"name":"root"},{"frame":[{"duration":144,"transform":{}}],"name":"宝石5"},{"frame":[{"duration":144,"transform":{}}],"name":"宝石3"}],"ffd":[]},{"frame":[],"slot":[{"frame":[{"tweenEasing":0,"duration":110,"color":{"aM":0}},{"tweenEasing":0,"duration":4,"color":{"aM":0}},{"tweenEasing":0,"duration":6},{"tweenEasing":0,"duration":6},{"tweenEasing":0,"duration":6,"color":{"aM":0}},{"tweenEasing":0,"duration":2,"color":{"aM":0}},{"tweenEasing":0,"duration":4},{"tweenEasing":0,"duration":6},{"tweenEasing":null,"duration":0}],"name":"四角星2"},{"frame":[{"tweenEasing":0,"duration":56,"color":{"aM":0},"displayIndex":26},{"tweenEasing":0,"duration":20,"color":{"aM":0}},{"tweenEasing":0,"duration":2,"color":{"aM":0}},{"tweenEasing":0,"duration":2},{"tweenEasing":0,"duration":2,"displayIndex":1},{"tweenEasing":0,"duration":2,"displayIndex":2},{"tweenEasing":0,"duration":2,"displayIndex":3},{"tweenEasing":0,"duration":2,"displayIndex":4},{"tweenEasing":0,"duration":2,"displayIndex":5},{"tweenEasing":0,"duration":2,"displayIndex":6},{"tweenEasing":0,"duration":2,"displayIndex":7},{"tweenEasing":0,"duration":2,"displayIndex":8},{"tweenEasing":0,"duration":2,"displayIndex":9},{"tweenEasing":0,"duration":2,"displayIndex":10},{"tweenEasing":0,"duration":2,"displayIndex":11},{"tweenEasing":0,"duration":2,"displayIndex":12},{"tweenEasing":0,"duration":2,"displayIndex":13},{"tweenEasing":0,"duration":2,"displayIndex":14},{"tweenEasing":0,"duration":2,"displayIndex":15},{"tweenEasing":0,"duration":2,"displayIndex":16},{"tweenEasing":0,"duration":2,"displayIndex":17},{"tweenEasing":0,"duration":2,"displayIndex":18},{"tweenEasing":0,"duration":2,"displayIndex":19},{"tweenEasing":0,"duration":2,"displayIndex":20},{"tweenEasing":0,"duration":2,"displayIndex":21},{"tweenEasing":0,"duration":2,"displayIndex":22},{"tweenEasing":0,"duration":2,"displayIndex":23},{"tweenEasing":0,"duration":2,"displayIndex":24},{"tweenEasing":0,"duration":2,"displayIndex":25},{"tweenEasing":null,"duration":14,"displayIndex":26}],"name":"白光"},{"frame":[{"tweenEasing":0,"duration":56},{"tweenEasing":0,"duration":18},{"tweenEasing":0,"duration":70},{"tweenEasing":null,"duration":0}],"name":"成功"},{"frame":[{"tweenEasing":0,"duration":56},{"tweenEasing":0,"duration":18},{"tweenEasing":0,"duration":70},{"tweenEasing":null,"duration":0}],"name":"彩带"},{"frame":[{"tweenEasing":0,"duration":6,"color":{"aM":0}},{"tweenEasing":0,"duration":12,"color":{"aM":0},"displayIndex":3},{"tweenEasing":0,"duration":12,"displayIndex":3},{"tweenEasing":0,"duration":12,"displayIndex":3},{"tweenEasing":null,"duration":102,"color":{"aM":0},"displayIndex":3}],"name":"光前"},{"frame":[{"tweenEasing":0,"duration":20,"displayIndex":1},{"tweenEasing":0,"duration":2,"displayIndex":2},{"tweenEasing":null,"duration":122,"color":{"aM":0},"displayIndex":2}],"name":"宝石5"},{"frame":[{"tweenEasing":0,"duration":20,"displayIndex":1},{"tweenEasing":0,"duration":2,"displayIndex":2},{"tweenEasing":null,"duration":122,"color":{"aM":0},"displayIndex":2}],"name":"宝石4"},{"frame":[{"tweenEasing":0,"duration":20,"displayIndex":1},{"tweenEasing":0,"duration":2,"displayIndex":2},{"tweenEasing":null,"duration":122,"color":{"aM":0},"displayIndex":2}],"name":"宝石3"},{"frame":[{"tweenEasing":0,"duration":20,"displayIndex":1},{"tweenEasing":0,"duration":2,"displayIndex":2},{"tweenEasing":null,"duration":122,"color":{"aM":0},"displayIndex":2}],"name":"宝石2"},{"frame":[{"tweenEasing":0,"duration":32,"displayIndex":3},{"tweenEasing":0,"duration":6,"displayIndex":4},{"tweenEasing":0,"duration":14,"displayIndex":4},{"tweenEasing":0,"duration":4,"displayIndex":4},{"tweenEasing":0,"duration":18,"displayIndex":4},{"tweenEasing":null,"duration":70,"displayIndex":4}],"name":"白银奖杯"},{"frame":[{"tweenEasing":0,"duration":60,"color":{"aM":0},"displayIndex":4},{"tweenEasing":0,"duration":2,"color":{"aM":0},"displayIndex":4},{"tweenEasing":0,"duration":18,"displayIndex":4},{"tweenEasing":null,"duration":64,"color":{"aM":0},"displayIndex":4}],"name":"奖杯2"},{"frame":[{"tweenEasing":0,"duration":8,"color":{"aM":0}},{"tweenEasing":0,"duration":6},{"tweenEasing":0,"duration":22},{"tweenEasing":null,"duration":108,"color":{"aM":0}}],"name":"底光_亮"}],"duration":144,"name":"4_shengzuanshi","bone":[{"frame":[{"duration":110,"transform":{},"tweenEasing":0},{"duration":4,"transform":{"y":-53.3333,"x":16.6667,"scY":0,"scX":0},"tweenEasing":0},{"duration":6,"transform":{"y":-53.3333,"x":16.6667,"scY":0,"scX":0},"tweenEasing":0},{"duration":6,"transform":{"y":-53.3333,"x":16.6667,"scY":1.5,"scX":1.5},"tweenEasing":0},{"duration":6,"transform":{"y":-53.3333,"x":16.6667,"scY":0,"scX":0},"tweenEasing":0},{"duration":2,"transform":{"y":-53.3333,"x":16.6667,"scY":0,"scX":0},"tweenEasing":0},{"duration":4,"transform":{"y":-16.6667,"x":21.6667,"scY":0,"scX":0},"tweenEasing":0},{"duration":6,"transform":{"y":-16.6667,"x":21.6667,"scY":0.6,"scX":0.6},"tweenEasing":0},{"duration":0,"transform":{"y":-16.6667,"x":21.6667,"scY":0,"scX":0}}],"name":"四角星2"},{"frame":[{"duration":56,"transform":{},"tweenEasing":0},{"duration":20,"transform":{},"tweenEasing":0},{"duration":2,"transform":{},"tweenEasing":0},{"duration":2,"transform":{},"tweenEasing":0},{"duration":2,"transform":{},"tweenEasing":0},{"duration":2,"transform":{},"tweenEasing":0},{"duration":2,"transform":{},"tweenEasing":0},{"duration":2,"transform":{},"tweenEasing":0},{"duration":2,"transform":{},"tweenEasing":0},{"duration":2,"transform":{},"tweenEasing":0},{"duration":2,"transform":{},"tweenEasing":0},{"duration":2,"transform":{},"tweenEasing":0},{"duration":2,"transform":{},"tweenEasing":0},{"duration":2,"transform":{},"tweenEasing":0},{"duration":2,"transform":{},"tweenEasing":0},{"duration":2,"transform":{},"tweenEasing":0},{"duration":2,"transform":{},"tweenEasing":0},{"duration":2,"transform":{},"tweenEasing":0},{"duration":2,"transform":{},"tweenEasing":0},{"duration":2,"transform":{},"tweenEasing":0},{"duration":2,"transform":{},"tweenEasing":0},{"duration":2,"transform":{},"tweenEasing":0},{"duration":2,"transform":{},"tweenEasing":0},{"duration":2,"transform":{},"tweenEasing":0},{"duration":2,"transform":{},"tweenEasing":0},{"duration":2,"transform":{},"tweenEasing":0},{"duration":2,"transform":{},"tweenEasing":0},{"duration":2,"transform":{},"tweenEasing":0},{"duration":2,"transform":{},"tweenEasing":0},{"duration":14,"transform":{}}],"name":"白光"},{"frame":[{"duration":56,"transform":{"scY":0,"scX":0},"tweenEasing":0},{"duration":18,"transform":{"y":10,"scY":0,"scX":0},"tweenEasing":0},{"duration":70,"transform":{},"tweenEasing":0},{"duration":0,"transform":{}}],"name":"成功"},{"frame":[{"duration":56,"transform":{"scY":0,"scX":0},"tweenEasing":0},{"duration":18,"transform":{"y":-10,"scY":0,"scX":0},"tweenEasing":0},{"duration":70,"transform":{},"tweenEasing":0},{"duration":0,"transform":{}}],"name":"彩带"},{"frame":[{"duration":6,"transform":{"y":-61,"x":13,"scY":4,"scX":4},"tweenEasing":0},{"duration":12,"transform":{"y":-61,"x":13,"scY":4,"scX":4},"tweenEasing":0},{"duration":12,"transform":{"y":-61,"x":13,"scY":4,"scX":4},"tweenEasing":0},{"duration":12,"transform":{"y":-61,"x":13,"scY":4.4,"scX":4.4},"tweenEasing":0},{"duration":102,"transform":{"y":-61,"x":13,"scY":4.8,"scX":4.8}}],"name":"光前"},{"frame":[{"duration":20,"transform":{"y":-5.3333,"x":16},"tweenEasing":0},{"duration":2,"transform":{"y":-5,"x":15},"tweenEasing":0},{"duration":122,"transform":{"y":-5,"x":16}}],"name":"宝石5"},{"frame":[{"duration":20,"transform":{"y":-5.3333,"x":-24},"tweenEasing":0},{"duration":2,"transform":{"y":-5,"x":-24},"tweenEasing":0},{"duration":122,"transform":{"y":-5,"x":-24}}],"name":"宝石4"},{"frame":[{"duration":20,"transform":{"y":-5,"x":-63},"tweenEasing":0},{"duration":2,"transform":{"y":-5,"x":-63},"tweenEasing":0},{"duration":122,"transform":{"y":-5,"x":-63}}],"name":"宝石3"},{"frame":[{"duration":20,"transform":{"y":-4.8889,"x":-38},"tweenEasing":0},{"duration":2,"transform":{"y":-4,"x":-38},"tweenEasing":0},{"duration":122,"transform":{"y":-4,"x":-38}}],"name":"宝石2"},{"frame":[{"duration":32,"transform":{"x":3},"tweenEasing":0},{"duration":6,"transform":{"x":3},"tweenEasing":0},{"duration":14,"transform":{"x":3},"tweenEasing":0},{"duration":4,"transform":{"y":21,"x":5,"scY":2.4,"scX":2.4},"tweenEasing":0},{"duration":18,"transform":{"x":3},"tweenEasing":0},{"duration":70,"transform":{"x":3}}],"name":"白银奖杯"},{"frame":[{"duration":60,"transform":{"y":-22,"x":5},"tweenEasing":0},{"duration":2,"transform":{"y":-22,"x":5},"tweenEasing":0},{"duration":18,"transform":{"y":-22,"x":5},"tweenEasing":0},{"duration":64,"transform":{"y":-23,"x":5,"scY":1.5,"scX":1.5}}],"name":"奖杯2"},{"frame":[{"duration":8,"transform":{"scY":0,"scX":0},"tweenEasing":0},{"duration":6,"transform":{"scY":2,"scX":2},"tweenEasing":0},{"duration":22,"transform":{"scY":2,"scX":2},"tweenEasing":0},{"duration":108,"transform":{"scY":2,"scX":2}}],"name":"底光_亮"},{"frame":[{"duration":144,"transform":{}}],"name":"root"}],"ffd":[]},{"frame":[],"slot":[{"frame":[{"tweenEasing":0,"duration":110,"color":{"aM":0}},{"tweenEasing":0,"duration":4,"color":{"aM":0}},{"tweenEasing":0,"duration":6},{"tweenEasing":0,"duration":6},{"tweenEasing":0,"duration":6,"color":{"aM":0}},{"tweenEasing":0,"duration":2,"color":{"aM":0}},{"tweenEasing":0,"duration":4},{"tweenEasing":0,"duration":6},{"tweenEasing":null,"duration":0}],"name":"四角星2"},{"frame":[{"tweenEasing":0,"duration":56,"color":{"aM":0}},{"tweenEasing":0,"duration":20,"color":{"aM":0}},{"tweenEasing":0,"duration":2,"color":{"aM":0}},{"tweenEasing":0,"duration":2},{"tweenEasing":0,"duration":2,"displayIndex":1},{"tweenEasing":0,"duration":2,"displayIndex":2},{"tweenEasing":0,"duration":2,"displayIndex":3},{"tweenEasing":0,"duration":2,"displayIndex":4},{"tweenEasing":0,"duration":2,"displayIndex":5},{"tweenEasing":0,"duration":2,"displayIndex":6},{"tweenEasing":0,"duration":2,"displayIndex":7},{"tweenEasing":0,"duration":2,"displayIndex":8},{"tweenEasing":0,"duration":2,"displayIndex":9},{"tweenEasing":0,"duration":2,"displayIndex":10},{"tweenEasing":0,"duration":2,"displayIndex":11},{"tweenEasing":0,"duration":2,"displayIndex":12},{"tweenEasing":0,"duration":2,"displayIndex":13},{"tweenEasing":0,"duration":2,"displayIndex":14},{"tweenEasing":0,"duration":2,"displayIndex":15},{"tweenEasing":0,"duration":2,"displayIndex":16},{"tweenEasing":0,"duration":2,"displayIndex":17},{"tweenEasing":0,"duration":2,"displayIndex":18},{"tweenEasing":0,"duration":2,"displayIndex":19},{"tweenEasing":0,"duration":2,"displayIndex":20},{"tweenEasing":0,"duration":2,"displayIndex":21},{"tweenEasing":0,"duration":2,"displayIndex":22},{"tweenEasing":0,"duration":2,"displayIndex":23},{"tweenEasing":0,"duration":2,"displayIndex":24},{"tweenEasing":0,"duration":2,"displayIndex":25},{"tweenEasing":null,"duration":14,"displayIndex":26}],"name":"白光"},{"frame":[{"tweenEasing":0,"duration":56},{"tweenEasing":0,"duration":18},{"tweenEasing":0,"duration":70},{"tweenEasing":null,"duration":0}],"name":"成功"},{"frame":[{"tweenEasing":0,"duration":56},{"tweenEasing":0,"duration":18},{"tweenEasing":0,"duration":70},{"tweenEasing":null,"duration":0}],"name":"彩带"},{"frame":[{"tweenEasing":0,"duration":6,"color":{"aM":0}},{"tweenEasing":0,"duration":12,"color":{"aM":0},"displayIndex":3},{"tweenEasing":0,"duration":12,"displayIndex":3},{"tweenEasing":0,"duration":12,"displayIndex":3},{"tweenEasing":null,"duration":102,"color":{"aM":0},"displayIndex":3}],"name":"光前"},{"frame":[{"tweenEasing":0,"duration":20},{"tweenEasing":0,"duration":2,"displayIndex":2},{"tweenEasing":null,"duration":122,"color":{"aM":0},"displayIndex":2}],"name":"宝石5"},{"frame":[{"tweenEasing":0,"duration":20},{"tweenEasing":0,"duration":2,"displayIndex":2},{"tweenEasing":null,"duration":122,"color":{"aM":0},"displayIndex":2}],"name":"宝石4"},{"frame":[{"tweenEasing":0,"duration":20},{"tweenEasing":0,"duration":2,"displayIndex":2},{"tweenEasing":null,"duration":122,"color":{"aM":0},"displayIndex":2}],"name":"宝石3"},{"frame":[{"tweenEasing":0,"duration":20},{"tweenEasing":0,"duration":2,"displayIndex":2},{"tweenEasing":null,"duration":122,"color":{"aM":0},"displayIndex":2}],"name":"宝石2"},{"frame":[{"tweenEasing":0,"duration":30,"displayIndex":4},{"tweenEasing":0,"duration":2,"color":{"aM":0},"displayIndex":5},{"tweenEasing":0,"duration":6,"displayIndex":5},{"tweenEasing":0,"duration":14,"displayIndex":5},{"tweenEasing":0,"duration":6,"displayIndex":5},{"tweenEasing":0,"duration":18,"displayIndex":5},{"tweenEasing":null,"duration":68,"displayIndex":5}],"name":"白银奖杯"},{"frame":[{"tweenEasing":0,"duration":60,"color":{"aM":0}},{"tweenEasing":0,"duration":2,"color":{"aM":0},"displayIndex":5},{"tweenEasing":0,"duration":18,"displayIndex":5},{"tweenEasing":null,"duration":64,"color":{"aM":0},"displayIndex":5}],"name":"奖杯2"},{"frame":[{"tweenEasing":0,"duration":8,"color":{"aM":0}},{"tweenEasing":0,"duration":6},{"tweenEasing":0,"duration":22},{"tweenEasing":null,"duration":108,"color":{"aM":0}}],"name":"底光_亮"}],"duration":144,"name":"5_shengwangzhe","bone":[{"frame":[{"duration":110,"transform":{},"tweenEasing":0},{"duration":4,"transform":{"y":-53.3333,"x":16.6667,"scY":0,"scX":0},"tweenEasing":0},{"duration":6,"transform":{"y":-53.3333,"x":16.6667,"scY":0,"scX":0},"tweenEasing":0},{"duration":6,"transform":{"y":-53.3333,"x":16.6667,"scY":1.5,"scX":1.5},"tweenEasing":0},{"duration":6,"transform":{"y":-53.3333,"x":16.6667,"scY":0,"scX":0},"tweenEasing":0},{"duration":2,"transform":{"y":-53.3333,"x":16.6667,"scY":0,"scX":0},"tweenEasing":0},{"duration":4,"transform":{"y":-16.6667,"x":21.6667,"scY":0,"scX":0},"tweenEasing":0},{"duration":6,"transform":{"y":-16.6667,"x":21.6667,"scY":0.6,"scX":0.6},"tweenEasing":0},{"duration":0,"transform":{"y":-16.6667,"x":21.6667,"scY":0,"scX":0}}],"name":"四角星2"},{"frame":[{"duration":56,"transform":{},"tweenEasing":0},{"duration":20,"transform":{},"tweenEasing":0},{"duration":2,"transform":{},"tweenEasing":0},{"duration":2,"transform":{},"tweenEasing":0},{"duration":2,"transform":{},"tweenEasing":0},{"duration":2,"transform":{},"tweenEasing":0},{"duration":2,"transform":{},"tweenEasing":0},{"duration":2,"transform":{},"tweenEasing":0},{"duration":2,"transform":{},"tweenEasing":0},{"duration":2,"transform":{},"tweenEasing":0},{"duration":2,"transform":{},"tweenEasing":0},{"duration":2,"transform":{},"tweenEasing":0},{"duration":2,"transform":{},"tweenEasing":0},{"duration":2,"transform":{},"tweenEasing":0},{"duration":2,"transform":{},"tweenEasing":0},{"duration":2,"transform":{},"tweenEasing":0},{"duration":2,"transform":{},"tweenEasing":0},{"duration":2,"transform":{},"tweenEasing":0},{"duration":2,"transform":{},"tweenEasing":0},{"duration":2,"transform":{},"tweenEasing":0},{"duration":2,"transform":{},"tweenEasing":0},{"duration":2,"transform":{},"tweenEasing":0},{"duration":2,"transform":{},"tweenEasing":0},{"duration":2,"transform":{},"tweenEasing":0},{"duration":2,"transform":{},"tweenEasing":0},{"duration":2,"transform":{},"tweenEasing":0},{"duration":2,"transform":{},"tweenEasing":0},{"duration":2,"transform":{},"tweenEasing":0},{"duration":2,"transform":{},"tweenEasing":0},{"duration":14,"transform":{}}],"name":"白光"},{"frame":[{"duration":56,"transform":{"scY":0,"scX":0},"tweenEasing":0},{"duration":18,"transform":{"y":10,"scY":0,"scX":0},"tweenEasing":0},{"duration":70,"transform":{},"tweenEasing":0},{"duration":0,"transform":{}}],"name":"成功"},{"frame":[{"duration":56,"transform":{"scY":0,"scX":0},"tweenEasing":0},{"duration":18,"transform":{"y":-10,"scY":0,"scX":0},"tweenEasing":0},{"duration":70,"transform":{},"tweenEasing":0},{"duration":0,"transform":{}}],"name":"彩带"},{"frame":[{"duration":6,"transform":{"y":-38,"x":13,"scY":4,"scX":4},"tweenEasing":0},{"duration":12,"transform":{"y":-38,"x":13,"scY":4,"scX":4},"tweenEasing":0},{"duration":12,"transform":{"y":-38,"x":13,"scY":4,"scX":4},"tweenEasing":0},{"duration":12,"transform":{"y":-38,"x":13,"scY":4.4,"scX":4.4},"tweenEasing":0},{"duration":102,"transform":{"y":-38,"x":13,"scY":4.8,"scX":4.8}}],"name":"光前"},{"frame":[{"duration":20,"transform":{"y":-6,"x":18},"tweenEasing":0},{"duration":2,"transform":{"y":-6,"x":18},"tweenEasing":0},{"duration":122,"transform":{"y":-6,"x":18}}],"name":"宝石5"},{"frame":[{"duration":20,"transform":{"y":-6,"x":-23},"tweenEasing":0},{"duration":2,"transform":{"y":-6,"x":-23},"tweenEasing":0},{"duration":122,"transform":{"y":-6,"x":-23}}],"name":"宝石4"},{"frame":[{"duration":20,"transform":{"y":-6,"x":-64},"tweenEasing":0},{"duration":2,"transform":{"y":-6,"x":-64},"tweenEasing":0},{"duration":122,"transform":{"y":-6,"x":-64}}],"name":"宝石3"},{"frame":[{"duration":20,"transform":{"y":-6,"x":-39},"tweenEasing":0},{"duration":2,"transform":{"y":-6,"x":-39},"tweenEasing":0},{"duration":122,"transform":{"y":-6,"x":-39}}],"name":"宝石2"},{"frame":[{"duration":30,"transform":{"x":3},"tweenEasing":0},{"duration":2,"transform":{"x":3},"tweenEasing":0},{"duration":6,"transform":{"y":-15,"x":3},"tweenEasing":0},{"duration":14,"transform":{"y":-15,"x":3},"tweenEasing":0},{"duration":6,"transform":{"y":18,"x":4,"scY":2,"scX":2},"tweenEasing":0},{"duration":18,"transform":{"y":-20,"x":3},"tweenEasing":0},{"duration":68,"transform":{"y":-20,"x":3}}],"name":"白银奖杯"},{"frame":[{"duration":60,"transform":{"y":-22},"tweenEasing":0},{"duration":2,"transform":{"y":-42,"x":6},"tweenEasing":0},{"duration":18,"transform":{"y":-42,"x":6},"tweenEasing":0},{"duration":64,"transform":{"y":-42,"x":6,"scY":1.5,"scX":1.5}}],"name":"奖杯2"},{"frame":[{"duration":8,"transform":{"scY":0,"scX":0},"tweenEasing":0},{"duration":6,"transform":{"scY":2,"scX":2},"tweenEasing":0},{"duration":22,"transform":{"scY":2,"scX":2},"tweenEasing":0},{"duration":108,"transform":{"scY":2,"scX":2}}],"name":"底光_亮"},{"frame":[{"duration":144,"transform":{}}],"name":"root"}],"ffd":[]}],"type":"Armature","frameRate":60,"defaultActions":[{"gotoAndPlay":"1_shengbaiyin"}],"slot":[{"color":{},"name":"底光_亮","parent":"底光_亮"},{"z":1,"color":{},"name":"奖杯2","parent":"奖杯2"},{"z":2,"color":{},"name":"白银奖杯","parent":"白银奖杯"},{"z":3,"color":{},"name":"宝石2","parent":"宝石2"},{"z":4,"color":{},"name":"宝石3","parent":"宝石3"},{"z":5,"color":{},"name":"宝石4","parent":"宝石4"},{"z":6,"color":{},"name":"宝石5","parent":"宝石5"},{"z":7,"color":{},"name":"光前","parent":"光前"},{"z":8,"color":{},"name":"彩带","parent":"彩带"},{"z":9,"color":{},"name":"成功","parent":"成功"},{"z":10,"color":{},"name":"白光","parent":"白光"},{"z":11,"color":{},"name":"四角星2","parent":"四角星2"}]}],"name":"dh_shengduanwei","version":"4.0","isGlobal":0}