{"imagePath":"dh_shengduanwei_tex.png","width":1024,"SubTexture":[{"frameX":-2,"frameHeight":349,"y":1,"frameY":-1,"frameWidth":480,"width":478,"height":334,"name":"light_3","x":1},{"frameX":-21,"frameHeight":299,"y":631,"frameY":-3,"frameWidth":347,"width":303,"height":292,"name":"huangjin","x":1},{"frameX":-5,"frameHeight":299,"y":360,"frameY":-3,"frameWidth":347,"width":337,"height":290,"name":"bojin","x":342},{"frameX":-4,"frameHeight":299,"y":337,"frameY":-2,"frameWidth":347,"width":339,"height":292,"name":"zuanshi","x":1},{"frameX":-4,"frameHeight":367,"y":1,"frameY":-4,"frameWidth":330,"width":322,"height":357,"name":"wangzhe","x":481},{"frameX":-1,"frameHeight":283,"y":804,"frameY":-2,"frameWidth":270,"width":268,"height":281,"name":"baiyin","x":306},{"frameX":-37,"frameHeight":299,"y":360,"frameY":-5,"frameWidth":347,"width":272,"height":281,"name":"qingtong","x":681},{"frameX":0,"frameHeight":15,"y":308,"frameY":0,"frameWidth":13,"width":12,"height":15,"name":"baoshi_huangjin","x":932},{"width":13,"y":631,"height":15,"name":"baoshi_baiyin","x":327},{"frameX":0,"frameHeight":15,"y":308,"frameY":0,"frameWidth":13,"width":12,"height":15,"name":"baoshi_qingtong","x":918},{"frameX":-20,"frameHeight":235,"y":804,"frameY":-2,"frameWidth":249,"width":214,"height":233,"name":"light_qingtong","x":576},{"frameX":-20,"frameHeight":235,"y":925,"frameY":-2,"frameWidth":249,"width":214,"height":233,"name":"light_huangjin","x":1},{"frameX":-20,"frameHeight":235,"y":804,"frameY":-2,"frameWidth":249,"width":214,"height":233,"name":"light_4","x":792},{"frameX":-20,"frameHeight":235,"y":1,"frameY":-2,"frameWidth":249,"width":214,"height":233,"name":"light_bojin","x":805},{"frameX":-2,"frameHeight":152,"y":652,"frameY":-1,"frameWidth":554,"width":550,"height":150,"name":"silk ribbon","x":306},{"frameX":0,"frameHeight":84,"y":1039,"frameY":0,"frameWidth":300,"width":299,"height":83,"name":"jinshengchenggong","x":576},{"frameX":-252,"frameHeight":70,"y":1052,"frameY":-43,"frameWidth":288,"width":36,"height":27,"name":"white26","x":255},{"frameX":-252,"frameHeight":70,"y":362,"frameY":-43,"frameWidth":288,"width":36,"height":27,"name":"white27","x":955},{"frameX":0,"frameHeight":70,"y":1250,"frameY":-1,"frameWidth":288,"width":110,"height":68,"name":"white7","x":848},{"frameX":0,"frameHeight":70,"y":1195,"frameY":-1,"frameWidth":288,"width":134,"height":68,"name":"white8","x":576},{"frameX":-2,"frameHeight":70,"y":1195,"frameY":-1,"frameWidth":288,"width":134,"height":68,"name":"white9","x":712},{"frameX":-2,"frameHeight":70,"y":713,"frameY":-1,"frameWidth":288,"width":154,"height":69,"name":"white10","x":858},{"frameX":-2,"frameHeight":70,"y":1124,"frameY":-1,"frameWidth":288,"width":171,"height":69,"name":"white11","x":576},{"frameX":-10,"frameHeight":70,"y":1087,"frameY":0,"frameWidth":288,"width":187,"height":70,"name":"white12","x":217},{"frameX":-26,"frameHeight":70,"y":1160,"frameY":0,"frameWidth":288,"width":184,"height":70,"name":"white13","x":1},{"frameX":-42,"frameHeight":70,"y":1159,"frameY":0,"frameWidth":288,"width":184,"height":70,"name":"white14","x":217},{"frameX":-74,"frameHeight":70,"y":1159,"frameY":0,"frameWidth":288,"width":171,"height":70,"name":"white15","x":403},{"frameX":-76,"frameHeight":70,"y":236,"frameY":0,"frameWidth":288,"width":187,"height":70,"name":"white16","x":805},{"frameX":-123,"frameHeight":70,"y":1124,"frameY":0,"frameWidth":288,"width":149,"height":69,"name":"white17","x":749},{"frameX":-123,"frameHeight":70,"y":1087,"frameY":-1,"frameWidth":288,"width":164,"height":68,"name":"white18","x":406},{"frameX":-124,"frameHeight":70,"y":643,"frameY":-1,"frameWidth":288,"width":164,"height":68,"name":"white19","x":858},{"frameX":0,"frameHeight":70,"y":631,"frameY":-2,"frameWidth":288,"width":19,"height":14,"name":"white1","x":306},{"frameX":-148,"frameHeight":70,"y":1039,"frameY":-1,"frameWidth":288,"width":140,"height":68,"name":"white20","x":877},{"frameX":0,"frameHeight":70,"y":1052,"frameY":-2,"frameWidth":288,"width":36,"height":28,"name":"white2","x":217},{"frameX":-165,"frameHeight":70,"y":1109,"frameY":0,"frameWidth":288,"width":123,"height":69,"name":"white21","x":900},{"frameX":0,"frameHeight":70,"y":308,"frameY":-2,"frameWidth":288,"width":52,"height":39,"name":"white3","x":864},{"frameX":-172,"frameHeight":70,"y":1180,"frameY":-1,"frameWidth":288,"width":116,"height":68,"name":"white22","x":900},{"frameX":0,"frameHeight":70,"y":308,"frameY":-2,"frameWidth":288,"width":66,"height":52,"name":"white4","x":955},{"frameX":-192,"frameHeight":70,"y":1232,"frameY":-7,"frameWidth":288,"width":96,"height":63,"name":"white23","x":1},{"frameX":0,"frameHeight":70,"y":925,"frameY":-2,"frameWidth":288,"width":83,"height":65,"name":"white5","x":217},{"frameX":-206,"frameHeight":70,"y":992,"frameY":-12,"frameWidth":288,"width":82,"height":58,"name":"white24","x":217},{"frameX":0,"frameHeight":70,"y":1231,"frameY":-1,"frameWidth":288,"width":104,"height":68,"name":"white6","x":187},{"frameX":-231,"frameHeight":70,"y":308,"frameY":-26,"frameWidth":288,"width":57,"height":44,"name":"white25","x":805},{"frameX":-4,"frameHeight":44,"y":1195,"frameY":-3,"frameWidth":44,"width":38,"height":38,"name":"star_4","x":848}],"height":2048,"name":"dh_shengduanwei"}