{"width":256,"imagePath":"dh_diaoxing_tex.png","height":256,"name":"dh_diaoxing","SubTexture":[{"width":76,"y":91,"height":77,"name":"suipian8","x":126},{"width":34,"y":1,"height":36,"name":"suipian3","x":221},{"width":93,"y":1,"height":88,"name":"suipian9","x":126},{"width":34,"y":39,"height":36,"name":"suipian4","x":221},{"width":123,"y":1,"height":106,"name":"suipian10","x":1},{"width":42,"y":145,"height":45,"name":"suipian5","x":204},{"width":34,"y":109,"height":32,"name":"star_small","x":60},{"width":51,"y":91,"height":52,"name":"suipian6","x":204},{"width":34,"y":143,"height":32,"name":"suipian1","x":60},{"width":57,"y":109,"height":57,"name":"suipian7","x":1},{"width":34,"y":170,"height":32,"name":"suipian2","x":1}]}