{"armature":[{"slot":[{"name":"星星","parent":"星星","color":{}}],"type":"Armature","name":"armatureName","aabb":{"width":34,"y":-16.1733,"height":32,"x":-17.3235},"ik":[],"skin":[{"name":"","slot":[{"display":[{"path":"star_small","type":"image","name":"star_small","transform":{}},{"path":"suipian1","type":"image","name":"suipian1","transform":{}},{"path":"suipian2","type":"image","name":"suipian2","transform":{}},{"path":"suipian3","type":"image","name":"suipian3","transform":{}},{"path":"suipian4","type":"image","name":"suipian4","transform":{}},{"path":"suipian5","type":"image","name":"suipian5","transform":{}},{"path":"suipian6","type":"image","name":"suipian6","transform":{}},{"path":"suipian7","type":"image","name":"suipian7","transform":{}},{"path":"suipian8","type":"image","name":"suipian8","transform":{}},{"path":"suipian9","type":"image","name":"suipian9","transform":{}},{"path":"suipian10","type":"image","name":"suipian10","transform":{}}],"name":"星星"}]}],"bone":[{"name":"星星","transform":{"y":-0.1733,"x":-0.3235},"inheritScale":false}],"frameRate":60,"defaultActions":[{"gotoAndPlay":"diaoxing"}],"animation":[{"slot":[{"frame":[{"tweenEasing":0,"duration":7},{"tweenEasing":0,"duration":4},{"tweenEasing":0,"displayIndex":1,"duration":4},{"tweenEasing":0,"displayIndex":2,"duration":4},{"tweenEasing":0,"displayIndex":3,"duration":4},{"tweenEasing":0,"displayIndex":4,"duration":4},{"tweenEasing":0,"displayIndex":5,"duration":4},{"tweenEasing":0,"displayIndex":6,"duration":4},{"tweenEasing":0,"displayIndex":7,"duration":4},{"tweenEasing":0,"displayIndex":8,"duration":4},{"tweenEasing":0,"displayIndex":9,"duration":4},{"tweenEasing":0,"displayIndex":10,"duration":16},{"tweenEasing":null,"displayIndex":10,"color":{"aM":0},"duration":0}],"name":"星星"}],"frame":[],"duration":63,"bone":[{"frame":[{"duration":7,"tweenEasing":0,"transform":{}},{"duration":4,"tweenEasing":0,"transform":{}},{"duration":4,"tweenEasing":0,"transform":{}},{"duration":4,"tweenEasing":0,"transform":{}},{"duration":4,"tweenEasing":0,"transform":{}},{"duration":4,"tweenEasing":0,"transform":{}},{"duration":4,"tweenEasing":0,"transform":{}},{"duration":4,"tweenEasing":0,"transform":{}},{"duration":4,"tweenEasing":0,"transform":{}},{"duration":4,"tweenEasing":0,"transform":{}},{"duration":4,"tweenEasing":0,"transform":{}},{"duration":16,"tweenEasing":0,"transform":{}},{"duration":0,"transform":{"scX":1.3,"scY":1.3}}],"name":"星星"}],"ffd":[],"name":"diaoxing"}]}],"frameRate":60,"isGlobal":0,"name":"dh_diaoxing","version":"4.0"}