{"frameRate":60,"isGlobal":0,"armature":[{"aabb":{"width":472.7778,"y":-235.20510000000002,"height":427,"x":-210.7778},"type":"Armature","frameRate":60,"skin":[{"name":"","slot":[{"display":[{"path":"star_5","type":"image","name":"star_5","transform":{}}],"name":"五角星"},{"display":[{"path":"star_4","type":"image","name":"star_4","transform":{}}],"name":"四角星3"},{"display":[{"path":"star_5","type":"image","name":"star_5","transform":{}}],"name":"五角星4"},{"display":[{"path":"star_5","type":"image","name":"star_5","transform":{}}],"name":"五角星5"},{"display":[{"path":"star_5","type":"image","name":"star_5","transform":{}}],"name":"五角星6"},{"display":[{"path":"light","type":"image","name":"light","transform":{}}],"name":"亮光"},{"display":[{"path":"light_0","type":"image","name":"light_0","transform":{}}],"name":"底光"},{"display":[{"path":"light_1","type":"image","name":"light_1","transform":{}}],"name":"旋转光1_Copy6"},{"display":[{"path":"star_4","type":"image","name":"star_4","transform":{}}],"name":"四角星"},{"display":[{"path":"star_5","type":"image","name":"star_5","transform":{}}],"name":"五角星2"},{"display":[{"path":"star_5","type":"image","name":"star_5","transform":{}}],"name":"五角星3"}]}],"bone":[{"name":"root","transform":{}},{"inheritScale":false,"transform":{"y":-154.9317,"x":95.8333},"name":"五角星3","parent":"root"},{"inheritScale":false,"transform":{"y":0.5171,"x":-2.3889},"name":"旋转光1_Copy6","parent":"root"},{"inheritScale":false,"transform":{"y":-21.7051,"x":-1.2778},"name":"亮光","parent":"root"},{"inheritScale":false,"transform":{"y":-106.5984,"x":170.8333},"name":"四角星","parent":"root"},{"inheritScale":false,"transform":{"y":43.4017,"x":-90.8333},"name":"五角星2","parent":"root"},{"inheritScale":false,"transform":{"y":26.0727,"x":5.3888},"name":"底光","parent":"root"},{"inheritScale":false,"transform":{"y":90.0683,"x":227.5},"name":"五角星","parent":"root"},{"inheritScale":false,"transform":{"y":8.4016,"x":32.4999},"name":"五角星6","parent":"root"},{"inheritScale":false,"transform":{"y":-91.5984,"x":-15.8334},"name":"五角星5","parent":"root"},{"inheritScale":false,"transform":{"y":18.4016,"x":-55.8333},"name":"五角星4","parent":"root"},{"inheritScale":false,"transform":{"y":31.7349,"x":-27.5001},"name":"四角星3","parent":"root"}],"defaultActions":[{"gotoAndPlay":"beijingguang"}],"ik":[],"animation":[{"duration":195,"frame":[],"bone":[{"frame":[{"duration":3,"tweenEasing":0,"transform":{"y":-73,"scY":0,"scX":0,"x":-143}},{"duration":24,"tweenEasing":0,"transform":{"y":-73,"x":-143}},{"duration":24,"tweenEasing":0,"transform":{"y":-73,"scY":1.2,"scX":1.2,"x":-143}},{"duration":3,"tweenEasing":0,"transform":{"y":-73.3334,"scY":1.2,"scX":1.2,"x":-143.3333}},{"duration":18,"tweenEasing":0,"transform":{"y":70,"scY":0,"scX":0,"x":93.3334}},{"duration":18,"tweenEasing":0,"transform":{"y":70,"scY":1.1,"scX":1.1,"x":93.3334}},{"duration":3,"tweenEasing":0,"transform":{"y":70,"scY":0,"scX":0,"x":93.3334}},{"duration":18,"tweenEasing":0,"transform":{"y":-128.3334,"scY":0,"scX":0,"x":-163.3333}},{"duration":18,"tweenEasing":0,"transform":{"y":-128.3334,"scY":1.3,"scX":1.3,"x":-163.3333}},{"duration":3,"tweenEasing":0,"transform":{"y":-128.3334,"scY":1.3,"scX":1.3,"x":-163.3333}},{"duration":15,"tweenEasing":0,"transform":{"y":-220,"scY":0,"scX":0,"x":38.3334}},{"duration":18,"tweenEasing":0,"transform":{"y":-220,"x":38.3334}},{"duration":30,"transform":{"y":-220,"x":38.3334}}],"name":"四角星3"},{"frame":[{"duration":27,"tweenEasing":0,"transform":{"scY":0.5,"scX":0.5}},{"duration":18,"tweenEasing":0,"transform":{"y":-60,"scY":0.5,"scX":0.5,"x":11}},{"duration":18,"tweenEasing":0,"transform":{"y":-115,"scY":0.5,"scX":0.5,"x":-50}},{"duration":18,"tweenEasing":0,"transform":{"y":-130,"skX":100,"scY":0.7,"skY":100,"scX":0.7,"x":-75}},{"duration":36,"tweenEasing":0,"transform":{"y":-145,"skX":200,"scY":0.9,"skY":200,"scX":0.9,"x":-90}},{"duration":78,"transform":{"y":-175,"skX":400,"scY":1.3,"skY":400,"scX":1.3,"x":-120}}],"name":"五角星4"},{"frame":[{"duration":3,"tweenEasing":0,"transform":{"scY":0.5,"scX":0.5}},{"duration":15,"tweenEasing":0,"transform":{"scY":0.5,"scX":0.5}},{"duration":15,"tweenEasing":0,"transform":{"y":-55,"skX":100,"scY":0.6,"skY":100,"scX":0.6,"x":-15}},{"duration":15,"tweenEasing":0,"transform":{"y":-70,"skX":200,"scY":0.75,"skY":200,"scX":0.75,"x":-20}},{"duration":27,"tweenEasing":0,"transform":{"y":-90,"skX":300,"scY":0.9,"skY":300,"scX":0.9,"x":-35}},{"duration":3,"tweenEasing":0,"transform":{"y":-130,"skX":500,"scY":1.3,"skY":500,"scX":1.3,"x":-45}},{"duration":3,"tweenEasing":0,"transform":{"y":-3.3333,"scY":0.6,"scX":0.6,"x":76.6667}},{"duration":12,"tweenEasing":0,"transform":{"y":-3.3333,"scY":0.6,"scX":0.6,"x":76.6667}},{"duration":21,"tweenEasing":0,"transform":{"y":-10,"scY":0.6,"scX":0.6,"x":80}},{"duration":21,"tweenEasing":0,"transform":{"y":-15,"skX":90,"scY":0.6,"skY":90,"scX":0.6,"x":100}},{"duration":21,"tweenEasing":0,"transform":{"y":-30,"skX":180,"scY":0.7,"skY":180,"scX":0.7,"x":120}},{"duration":21,"tweenEasing":0,"transform":{"y":-45,"skX":270,"scY":0.8,"skY":270,"scX":0.8,"x":140}},{"duration":18,"transform":{"y":-60,"skX":360,"scY":0.9,"skY":360,"scX":0.9,"x":160}}],"name":"五角星5"},{"frame":[{"duration":9,"tweenEasing":0,"transform":{"scY":0.5,"scX":0.5}},{"duration":15,"tweenEasing":0,"transform":{"y":-32,"scY":0.5,"scX":0.5,"x":14}},{"duration":15,"tweenEasing":0,"transform":{"y":-50,"skX":60,"scY":0.5,"skY":60,"scX":0.5,"x":60}},{"duration":15,"tweenEasing":0,"transform":{"y":-55,"skX":120,"scY":0.6,"skY":120,"scX":0.6,"x":80}},{"duration":15,"tweenEasing":0,"transform":{"y":-60,"skX":180,"scY":0.7,"skY":180,"scX":0.7,"x":100}},{"duration":30,"tweenEasing":0,"transform":{"y":-65,"skX":240,"scY":0.8,"skY":240,"scX":0.8,"x":120}},{"duration":3,"tweenEasing":0,"transform":{"y":-75,"skX":360,"skY":360,"x":160}},{"duration":12,"tweenEasing":0,"transform":{"y":40,"scY":0.6,"scX":0.6,"x":-20}},{"duration":15,"tweenEasing":0,"transform":{"y":50,"scY":0.6,"scX":0.6,"x":-25}},{"duration":15,"tweenEasing":0,"transform":{"y":70,"skX":100.0001,"scY":0.7,"skY":100.0001,"scX":0.7,"x":-5}},{"duration":15,"tweenEasing":0,"transform":{"y":90,"skX":200.0001,"scY":0.8,"skY":200.0001,"scX":0.8,"x":15}},{"duration":30,"tweenEasing":0,"transform":{"y":110,"skX":300,"scY":0.9,"skY":300,"scX":0.9,"x":35}},{"duration":6,"transform":{"y":150,"skX":400,"scY":1.1,"skY":400,"scX":1.1,"x":75}}],"name":"五角星6"},{"frame":[{"duration":30,"tweenEasing":0,"transform":{"y":-60,"scY":0.5,"scX":0.5,"x":-210}},{"duration":15,"tweenEasing":0,"transform":{"y":-60,"scY":0.5,"scX":0.5,"x":-210}},{"duration":15,"tweenEasing":0,"transform":{"y":-50,"skX":100,"scY":0.6,"skY":100,"scX":0.6,"x":-190}},{"duration":15,"tweenEasing":0,"transform":{"y":-40,"skX":200,"scY":0.7,"skY":200,"scX":0.7,"x":-170}},{"duration":15,"tweenEasing":0,"transform":{"y":-30,"skX":300,"scY":0.8,"skY":300,"scX":0.8,"x":-150}},{"duration":15,"tweenEasing":0,"transform":{"y":-20,"skX":400,"scY":0.9,"skY":400,"scX":0.9,"x":-130}},{"duration":60,"tweenEasing":0,"transform":{"y":-10,"skX":500,"skY":500,"x":-110}},{"duration":30,"transform":{"y":30,"skX":900,"scY":1.4,"skY":900,"scX":1.4,"x":-40}}],"name":"五角星"},{"frame":[{"duration":3,"tweenEasing":0,"transform":{"y":30,"scY":0.6,"scX":0.6,"x":-20}},{"duration":15,"tweenEasing":0,"transform":{"y":30,"scY":0.6,"scX":0.6,"x":-20}},{"duration":15,"tweenEasing":0,"transform":{"y":10,"skX":120,"scY":0.6,"skY":120,"scX":0.6,"x":-10}},{"duration":15,"tweenEasing":0,"transform":{"y":-10,"skX":240,"scY":0.8,"skY":240,"scX":0.8}},{"duration":15,"tweenEasing":0,"transform":{"y":-30,"skX":360,"skY":360,"x":10}},{"duration":21,"tweenEasing":0,"transform":{"y":160,"scY":0.5,"scX":0.5,"x":-165}},{"duration":21,"tweenEasing":0,"transform":{"y":160,"scY":0.5,"scX":0.5,"x":-180}},{"duration":21,"tweenEasing":0,"transform":{"y":160,"scY":0.7,"scX":0.7,"x":-210}},{"duration":21,"tweenEasing":0,"transform":{"y":160,"skX":100,"scY":0.9,"skY":100,"scX":0.9,"x":-240}},{"duration":21,"tweenEasing":0,"transform":{"y":160,"skX":200,"scY":1.1,"skY":200,"scX":1.1,"x":-270}},{"duration":15,"tweenEasing":0,"transform":{"y":160,"skX":300,"scY":1.3,"skY":300,"scX":1.3,"x":-300}},{"duration":12,"transform":{"y":160,"skX":360,"scY":1.3,"skY":360,"scX":1.3,"x":-320}}],"name":"五角星3"},{"frame":[{"duration":15,"tweenEasing":0,"transform":{"scY":0.4,"scX":0.4}},{"duration":18,"tweenEasing":0,"transform":{"scY":0.4,"scX":0.4}},{"duration":18,"tweenEasing":0,"transform":{"y":10,"scY":0.5,"scX":0.5,"x":-15}},{"duration":18,"tweenEasing":0,"transform":{"y":20,"skX":120,"scY":0.6,"skY":120,"scX":0.6,"x":-30}},{"duration":18,"tweenEasing":0,"transform":{"y":40,"skX":240,"scY":0.8,"skY":240,"scX":0.8,"x":-60}},{"duration":18,"tweenEasing":0,"transform":{"y":60,"skX":360,"skY":360,"x":-90}},{"duration":3,"tweenEasing":0,"transform":{"y":80,"skX":480,"scY":1.2,"skY":480,"scX":1.2,"x":-120}},{"duration":12,"tweenEasing":0,"transform":{"y":-150,"scY":0.6,"scX":0.6,"x":20}},{"duration":15,"tweenEasing":0,"transform":{"y":-180,"scY":0.6,"scX":0.6,"x":40}},{"duration":15,"tweenEasing":0,"transform":{"y":-200,"skX":120.0001,"scY":0.8,"skY":120.0001,"scX":0.8,"x":45}},{"duration":15,"tweenEasing":0,"transform":{"y":-220,"skX":240,"scY":0.9,"skY":240,"scX":0.9,"x":50}},{"duration":15,"tweenEasing":0,"transform":{"y":-240,"skX":360,"skY":360,"x":55}},{"duration":15,"tweenEasing":0,"transform":{"y":-260,"skX":480,"skY":480,"x":60}},{"duration":0,"transform":{"y":-280,"skX":600.0001,"skY":600.0001,"x":65}}],"name":"五角星2"},{"frame":[{"duration":3,"tweenEasing":0,"transform":{}},{"duration":15,"tweenEasing":0,"transform":{}},{"duration":15,"tweenEasing":0,"transform":{}},{"duration":3,"tweenEasing":0,"transform":{}},{"duration":18,"tweenEasing":0,"transform":{"y":111.6667,"x":-310.0001}},{"duration":21,"tweenEasing":0,"transform":{"y":111.6667,"scY":1.3,"scX":1.3,"x":-310.0001}},{"duration":3,"tweenEasing":0,"transform":{"y":111.6667,"scY":0,"scX":0,"x":-310.0001}},{"duration":21,"tweenEasing":0,"transform":{"y":-55,"scY":0,"scX":0,"x":-153.3333}},{"duration":21,"tweenEasing":0,"transform":{"y":-55,"scY":1.2,"scX":1.2,"x":-153.3333}},{"duration":3,"tweenEasing":0,"transform":{"y":-55,"scY":0,"scX":0,"x":-153.3333}},{"duration":15,"tweenEasing":0,"transform":{"y":155,"scY":0,"scX":0,"x":-33.3333}},{"duration":15,"tweenEasing":0,"transform":{"y":155,"scY":1.5,"scX":1.5,"x":-33.3333}},{"duration":3,"tweenEasing":0,"transform":{"y":155,"scY":1.5,"scX":1.5,"x":-33.3333}},{"duration":12,"tweenEasing":0,"transform":{"y":196.6668,"scY":0,"scX":0,"x":-350.0001}},{"duration":15,"tweenEasing":0,"transform":{"y":196.6668,"scY":1.3,"scX":1.3,"x":-350.0001}},{"duration":12,"transform":{"y":196.6668,"scY":0,"scX":0,"x":-350.0001}}],"name":"四角星"},{"frame":[{"duration":9,"tweenEasing":0,"transform":{}},{"duration":174,"tweenEasing":0,"transform":{}},{"duration":12,"transform":{}}],"name":"亮光"},{"frame":[{"duration":195,"tweenEasing":0,"transform":{"scY":3,"scX":3}},{"duration":0,"transform":{"skX":360,"scY":3,"skY":360,"scX":3}}],"name":"旋转光1_Copy6"},{"frame":[{"duration":3,"tweenEasing":0,"transform":{"scY":4,"scX":4}},{"duration":6,"tweenEasing":0,"transform":{"scY":4,"scX":4}},{"duration":174,"tweenEasing":0,"transform":{"scY":4,"scX":4}},{"duration":12,"transform":{"scY":4,"scX":4}}],"name":"底光"},{"frame":[{"duration":195,"transform":{}}],"name":"root"}],"ffd":[],"playTimes":0,"name":"beijingguang","slot":[{"frame":[{"tweenEasing":0,"duration":3,"color":{"aM":0}},{"tweenEasing":0,"duration":24,"color":{"aM":0}},{"tweenEasing":0,"duration":24},{"tweenEasing":0,"duration":3,"color":{"aM":0}},{"tweenEasing":0,"duration":18,"color":{"aM":0}},{"tweenEasing":0,"duration":18},{"tweenEasing":0,"duration":3,"color":{"aM":0}},{"tweenEasing":0,"duration":18,"color":{"aM":0}},{"tweenEasing":0,"duration":18},{"tweenEasing":0,"duration":3,"color":{"aM":0}},{"tweenEasing":0,"duration":15,"color":{"aM":0}},{"tweenEasing":0,"duration":18},{"tweenEasing":null,"duration":30,"color":{"aM":0}}],"name":"四角星3"},{"frame":[{"tweenEasing":0,"duration":27,"color":{"aM":0}},{"tweenEasing":0,"duration":18,"color":{"aM":0}},{"tweenEasing":0,"duration":18},{"tweenEasing":0,"duration":18},{"tweenEasing":0,"duration":36},{"tweenEasing":null,"duration":78,"color":{"aM":0}}],"name":"五角星4"},{"frame":[{"tweenEasing":0,"duration":3,"color":{"aM":0}},{"tweenEasing":0,"duration":15,"color":{"aM":0}},{"tweenEasing":0,"duration":15},{"tweenEasing":0,"duration":15},{"tweenEasing":0,"duration":27},{"tweenEasing":0,"duration":3,"color":{"aM":0}},{"tweenEasing":0,"duration":3,"color":{"aM":0}},{"tweenEasing":0,"duration":12},{"tweenEasing":0,"duration":21},{"tweenEasing":0,"duration":21},{"tweenEasing":0,"duration":21},{"tweenEasing":0,"duration":21},{"tweenEasing":null,"duration":18,"color":{"aM":0}}],"name":"五角星5"},{"frame":[{"tweenEasing":0,"duration":9,"color":{"aM":0}},{"tweenEasing":0,"duration":15,"color":{"aM":0}},{"tweenEasing":0,"duration":15},{"tweenEasing":0,"duration":15},{"tweenEasing":0,"duration":15},{"tweenEasing":0,"duration":30},{"tweenEasing":0,"duration":3,"color":{"aM":0}},{"tweenEasing":0,"duration":12,"color":{"aM":0}},{"tweenEasing":0,"duration":15},{"tweenEasing":0,"duration":15},{"tweenEasing":0,"duration":15},{"tweenEasing":0,"duration":30},{"tweenEasing":null,"duration":6,"color":{"aM":0}}],"name":"五角星6"},{"frame":[{"tweenEasing":0,"duration":30,"color":{"aM":0}},{"tweenEasing":0,"duration":15,"color":{"aM":0}},{"tweenEasing":0,"duration":15},{"tweenEasing":0,"duration":15},{"tweenEasing":0,"duration":15},{"tweenEasing":0,"duration":15},{"tweenEasing":0,"duration":60},{"tweenEasing":null,"duration":30,"color":{"aM":0}}],"name":"五角星"},{"frame":[{"tweenEasing":0,"duration":3,"color":{"aM":0}},{"tweenEasing":0,"duration":15,"color":{"aM":0}},{"tweenEasing":0,"duration":15},{"tweenEasing":0,"duration":15},{"tweenEasing":0,"duration":15,"color":{"aM":0}},{"tweenEasing":0,"duration":21,"color":{"aM":0}},{"tweenEasing":0,"duration":21},{"tweenEasing":0,"duration":21},{"tweenEasing":0,"duration":21},{"tweenEasing":0,"duration":21},{"tweenEasing":0,"duration":15},{"tweenEasing":null,"duration":12,"color":{"aM":0}}],"name":"五角星3"},{"frame":[{"tweenEasing":0,"duration":15,"color":{"aM":0}},{"tweenEasing":0,"duration":18,"color":{"aM":0}},{"tweenEasing":0,"duration":18},{"tweenEasing":0,"duration":18},{"tweenEasing":0,"duration":18},{"tweenEasing":0,"duration":18},{"tweenEasing":0,"duration":3,"color":{"aM":0}},{"tweenEasing":0,"duration":12,"color":{"aM":0}},{"tweenEasing":0,"duration":15},{"tweenEasing":0,"duration":15},{"tweenEasing":0,"duration":15},{"tweenEasing":0,"duration":15},{"tweenEasing":0,"duration":15},{"tweenEasing":null,"duration":0,"color":{"aM":0}}],"name":"五角星2"},{"frame":[{"tweenEasing":0,"duration":3,"color":{"aM":0}},{"tweenEasing":0,"duration":15,"color":{"aM":0}},{"tweenEasing":0,"duration":15},{"tweenEasing":0,"duration":3,"color":{"aM":0}},{"tweenEasing":0,"duration":18,"color":{"aM":0}},{"tweenEasing":0,"duration":21},{"tweenEasing":0,"duration":3,"color":{"aM":0}},{"tweenEasing":0,"duration":21,"color":{"aM":0}},{"tweenEasing":0,"duration":21},{"tweenEasing":0,"duration":3,"color":{"aM":0}},{"tweenEasing":0,"duration":15,"color":{"aM":0}},{"tweenEasing":0,"duration":15},{"tweenEasing":0,"duration":3,"color":{"aM":0}},{"tweenEasing":0,"duration":12,"color":{"aM":0}},{"tweenEasing":0,"duration":15},{"tweenEasing":null,"duration":12,"color":{"aM":0}}],"name":"四角星"},{"frame":[{"tweenEasing":0,"duration":9},{"tweenEasing":0,"duration":174},{"tweenEasing":null,"duration":12}],"name":"亮光"},{"frame":[{"tweenEasing":0,"duration":195},{"tweenEasing":null,"duration":0}],"name":"旋转光1_Copy6"},{"frame":[{"tweenEasing":0,"duration":3},{"tweenEasing":0,"duration":6},{"tweenEasing":0,"duration":174},{"tweenEasing":null,"duration":12}],"name":"底光"}]}],"name":"armatureName","slot":[{"name":"底光","parent":"底光","color":{}},{"z":1,"name":"旋转光1_Copy6","parent":"旋转光1_Copy6","color":{}},{"z":2,"name":"亮光","parent":"亮光","color":{}},{"z":3,"name":"四角星","parent":"四角星","color":{}},{"z":4,"name":"五角星2","parent":"五角星2","color":{}},{"z":5,"name":"五角星3","parent":"五角星3","color":{}},{"z":6,"name":"五角星","parent":"五角星","color":{}},{"z":7,"name":"五角星6","parent":"五角星6","color":{}},{"z":8,"name":"五角星5","parent":"五角星5","color":{}},{"z":9,"name":"五角星4","parent":"五角星4","color":{}},{"z":10,"name":"四角星3","parent":"四角星3","color":{}}]}],"name":"dh_beijingguang_2","version":"4.0"}