{"armature":[{"slot":[{"name":"星星小","parent":"星星小","color":{}},{"z":1,"name":"星星小2","parent":"星星小2","color":{}},{"z":2,"name":"星星大","parent":"星星大","color":{}},{"z":3,"name":"光","parent":"光","color":{}}],"type":"Armature","name":"armatureName","aabb":{"width":468,"y":-177.5709,"height":448.5245,"x":-233.9119},"ik":[],"skin":[{"name":"","slot":[{"display":[{"path":"star_small","type":"image","name":"star_small","transform":{}}],"name":"星星小"},{"display":[{"path":"star_small","type":"image","name":"star_small","transform":{}}],"name":"星星小2"},{"display":[{"path":"star_big","type":"image","name":"star_big","transform":{}}],"name":"星星大"},{"display":[{"path":"guangxian1","type":"image","name":"guangxian1","transform":{}},{"path":"guangxian2","type":"image","name":"guangxian2","transform":{}},{"path":"guangxian3","type":"image","name":"guangxian3","transform":{}}],"name":"光"}]}],"bone":[{"name":"root","transform":{}},{"inheritScale":false,"transform":{"y":184.4536,"x":57.2459},"name":"星星大","parent":"root"},{"inheritScale":false,"transform":{"y":0.7235,"x":0.6259},"name":"星星小2","parent":"root"},{"inheritScale":false,"transform":{"y":0.8346,"x":0.6259},"name":"星星小","parent":"root"},{"inheritScale":false,"transform":{"y":1.4291,"x":0.0881},"name":"光","parent":"root"}],"frameRate":60,"defaultActions":[{"gotoAndPlay":"shengxing"}],"animation":[{"slot":[{"frame":[{"tweenEasing":0,"color":{"aM":0},"duration":39},{"tweenEasing":0,"color":{"aM":0},"duration":3},{"tweenEasing":0,"duration":6},{"tweenEasing":0,"displayIndex":1,"duration":6},{"tweenEasing":0,"displayIndex":2,"duration":15},{"tweenEasing":null,"displayIndex":2,"color":{"aM":0},"duration":48}],"name":"光"},{"frame":[{"tweenEasing":0,"color":{"aM":0},"duration":3},{"tweenEasing":0,"duration":12},{"tweenEasing":0,"duration":6},{"tweenEasing":0,"duration":9},{"tweenEasing":0,"duration":15},{"tweenEasing":0,"duration":15},{"tweenEasing":0,"duration":57},{"tweenEasing":null,"duration":0}],"name":"星星大"},{"frame":[{"tweenEasing":0,"color":{"aM":0},"duration":84},{"tweenEasing":0,"color":{"aM":0},"duration":3},{"tweenEasing":0,"duration":6},{"tweenEasing":0,"duration":24},{"tweenEasing":null,"color":{"aM":0},"duration":0}],"name":"星星小2"},{"frame":[{"tweenEasing":0,"color":{"aM":0},"duration":63},{"tweenEasing":0,"color":{"aM":0},"duration":3},{"tweenEasing":0,"duration":6},{"tweenEasing":0,"duration":33},{"tweenEasing":null,"color":{"aM":0},"duration":12}],"name":"星星小"}],"frame":[],"duration":117,"bone":[{"frame":[{"duration":39,"tweenEasing":0,"transform":{"y":-0.4259,"x":-0.4259}},{"duration":3,"tweenEasing":0,"transform":{"y":-0.4259,"x":-0.4259}},{"duration":6,"tweenEasing":0,"transform":{"y":-7.1111,"x":13.4445}},{"duration":6,"tweenEasing":0,"transform":{"y":-5,"x":13}},{"duration":15,"tweenEasing":0,"transform":{"y":-5,"x":14}},{"duration":48,"transform":{"y":-7,"scX":1.8,"scY":1.8,"x":13}}],"name":"光"},{"frame":[{"duration":3,"tweenEasing":0,"transform":{"y":-184,"x":-57}},{"duration":12,"tweenEasing":0,"transform":{"y":-184,"x":-57}},{"duration":6,"tweenEasing":0,"transform":{"y":-184,"x":-57}},{"duration":9,"tweenEasing":0,"transform":{"y":-184.4445,"scX":0.12,"scY":0.12,"x":-57}},{"duration":15,"tweenEasing":0,"transform":{"y":-184.4445,"scX":0.25,"scY":0.25,"x":-57.7778}},{"duration":15,"tweenEasing":0,"transform":{"y":-184.4445,"scX":0.25,"scY":0.25,"x":-57.7778}},{"duration":57,"tweenEasing":0,"transform":{"y":-184.4445,"scX":0.18,"scY":0.18,"x":-57}},{"duration":0,"transform":{"y":-184,"scX":0.18,"scY":0.18,"x":-57}}],"name":"星星大"},{"frame":[{"duration":84,"tweenEasing":0,"transform":{}},{"duration":3,"tweenEasing":0,"transform":{}},{"duration":6,"tweenEasing":0,"transform":{}},{"duration":24,"tweenEasing":0,"transform":{"scX":1.5,"scY":1.5}},{"duration":0,"transform":{"scX":3,"scY":3}}],"name":"星星小2"},{"frame":[{"duration":63,"tweenEasing":0,"transform":{}},{"duration":3,"tweenEasing":0,"transform":{}},{"duration":6,"tweenEasing":0,"transform":{}},{"duration":33,"tweenEasing":0,"transform":{"scX":1.5,"scY":1.5}},{"duration":12,"transform":{"scX":3,"scY":3}}],"name":"星星小"},{"frame":[{"duration":117,"transform":{}}],"name":"root"}],"ffd":[],"name":"shengxing"}]}],"frameRate":60,"isGlobal":0,"name":"dh_jiesuanxingji","version":"4.0"}