{"width":512,"imagePath":"dh_jiesuanxingji_tex.png","height":1024,"name":"dh_jiesuanxingji","SubTexture":[{"width":34,"y":646,"height":32,"name":"star_small","x":462},{"width":183,"y":646,"height":173,"name":"star_big","x":277},{"frameY":-31,"y":360,"frameWidth":468,"frameX":-52,"frameHeight":358,"width":333,"height":284,"name":"guangxian2","x":1},{"frameY":-40,"y":646,"frameWidth":468,"frameX":-87,"frameHeight":358,"width":274,"height":277,"name":"guangxian1","x":1},{"frameY":-1,"y":1,"frameWidth":468,"frameX":0,"frameHeight":358,"width":468,"height":357,"name":"guangxian3","x":1}]}