{"frameRate":60,"armature":[{"animation":[{"frame":[],"duration":54,"slot":[{"frame":[{"duration":6,"tweenEasing":0},{"duration":6,"tweenEasing":0},{"duration":6,"displayIndex":1,"tweenEasing":0},{"duration":6,"displayIndex":2,"tweenEasing":0},{"duration":6,"displayIndex":3,"tweenEasing":0},{"duration":6,"displayIndex":4,"tweenEasing":0},{"duration":6,"displayIndex":5,"tweenEasing":0},{"duration":6,"displayIndex":6,"tweenEasing":0},{"duration":6,"displayIndex":7,"tweenEasing":0},{"duration":0,"displayIndex":7,"tweenEasing":null,"color":{"aM":0}}],"name":"Layer1"}],"bone":[{"frame":[{"duration":6,"tweenEasing":0,"transform":{"scX":0.5,"scY":0.5,"x":-32}},{"duration":6,"tweenEasing":0,"transform":{}},{"duration":6,"tweenEasing":0,"transform":{}},{"duration":6,"tweenEasing":0,"transform":{}},{"duration":6,"tweenEasing":0,"transform":{}},{"duration":6,"tweenEasing":0,"transform":{}},{"duration":6,"tweenEasing":0,"transform":{}},{"duration":6,"tweenEasing":0,"transform":{}},{"duration":6,"tweenEasing":0,"transform":{}},{"duration":0,"transform":{}}],"name":"Layer1"}],"name":"Animation2","ik":[],"ffd":[]}],"aabb":{"width":270,"y":-43.5,"height":87,"x":-135},"type":"Armature","name":"armatureName","skin":[{"name":"","slot":[{"display":[{"path":"guafen_01","type":"image","name":"guafen_01","transform":{}},{"path":"guafen_02","type":"image","name":"guafen_02","transform":{}},{"path":"guafen_03","type":"image","name":"guafen_03","transform":{}},{"path":"guafen_04","type":"image","name":"guafen_04","transform":{}},{"path":"guafen_05","type":"image","name":"guafen_05","transform":{}},{"path":"guafen_06","type":"image","name":"guafen_06","transform":{}},{"path":"guafen_07","type":"image","name":"guafen_07","transform":{}},{"path":"guafen_08","type":"image","name":"guafen_08","transform":{}}],"name":"Layer1"}]}],"defaultActions":[{"gotoAndPlay":"Animation2"}],"slot":[{"name":"Layer1","parent":"Layer1","color":{}}],"bone":[{"name":"Layer1","transform":{},"inheritScale":false}],"frameRate":60,"ik":[]}],"isGlobal":0,"name":"guafen","version":"4.0"}