{"armature":[{"slot":[{"name":"Layer1","parent":"Layer1","color":{}}],"skin":[{"name":"","slot":[{"display":[{"path":"头像提示_01","type":"image","name":"头像提示_01","transform":{}},{"path":"头像提示_02","type":"image","name":"头像提示_02","transform":{}},{"path":"头像提示_03","type":"image","name":"头像提示_03","transform":{}},{"path":"头像提示_04","type":"image","name":"头像提示_04","transform":{}},{"path":"头像提示_05","type":"image","name":"头像提示_05","transform":{}},{"path":"头像提示_06","type":"image","name":"头像提示_06","transform":{}},{"path":"头像提示_07","type":"image","name":"头像提示_07","transform":{}},{"path":"头像提示_08","type":"image","name":"头像提示_08","transform":{}},{"path":"头像提示_09","type":"image","name":"头像提示_09","transform":{}},{"path":"头像提示_10","type":"image","name":"头像提示_10","transform":{}},{"path":"头像提示_11","type":"image","name":"头像提示_11","transform":{}},{"path":"头像提示_12","type":"image","name":"头像提示_12","transform":{}}],"name":"Layer1"}]}],"type":"Armature","name":"armatureName","aabb":{"width":101,"y":-71.1733,"height":143,"x":-50.5},"animation":[{"slot":[{"frame":[{"tweenEasing":0,"duration":8},{"tweenEasing":0,"displayIndex":1,"duration":8},{"tweenEasing":0,"displayIndex":2,"duration":8},{"tweenEasing":0,"displayIndex":3,"duration":8},{"tweenEasing":0,"displayIndex":4,"duration":8},{"tweenEasing":0,"displayIndex":5,"duration":8},{"tweenEasing":0,"displayIndex":6,"duration":8},{"tweenEasing":0,"displayIndex":7,"duration":8},{"tweenEasing":0,"displayIndex":8,"duration":8},{"tweenEasing":0,"displayIndex":9,"duration":8},{"tweenEasing":0,"displayIndex":10,"duration":8},{"tweenEasing":null,"displayIndex":11,"duration":0}],"name":"Layer1"}],"frame":[],"duration":88,"playTimes":0,"bone":[{"frame":[{"duration":8,"tweenEasing":0,"transform":{}},{"duration":8,"tweenEasing":0,"transform":{}},{"duration":8,"tweenEasing":0,"transform":{}},{"duration":8,"tweenEasing":0,"transform":{}},{"duration":8,"tweenEasing":0,"transform":{}},{"duration":8,"tweenEasing":0,"transform":{}},{"duration":8,"tweenEasing":0,"transform":{}},{"duration":8,"tweenEasing":0,"transform":{}},{"duration":8,"tweenEasing":0,"transform":{}},{"duration":8,"tweenEasing":0,"transform":{}},{"duration":8,"tweenEasing":0,"transform":{}},{"duration":0,"transform":{}}],"name":"Layer1"}],"ffd":[],"name":"Animation2"}],"ik":[],"bone":[{"name":"Layer1","transform":{"y":0.3267},"inheritScale":false}],"frameRate":60,"defaultActions":[{"gotoAndPlay":"Animation2"}]}],"frameRate":60,"name":"touxianTX","version":"4.0","isGlobal":0}