{"SubTexture":[{"width":101,"y":1,"height":141,"name":"头像提示_02","x":322},{"width":101,"y":149,"height":143,"name":"头像提示_01","x":321},{"width":103,"y":1,"height":146,"name":"头像提示_06","x":114},{"width":111,"y":1,"height":150,"name":"头像提示_12","x":1},{"width":101,"y":1,"height":142,"name":"头像提示_03","x":219},{"width":101,"y":149,"height":143,"name":"头像提示_04","x":218},{"width":107,"y":305,"height":146,"name":"头像提示_08","x":219},{"width":105,"y":305,"height":146,"name":"头像提示_07","x":328},{"width":108,"y":305,"height":150,"name":"头像提示_10","x":1},{"width":102,"y":149,"height":145,"name":"头像提示_05","x":114},{"width":111,"y":153,"height":150,"name":"头像提示_11","x":1},{"width":106,"y":305,"height":149,"name":"头像提示_09","x":111}],"width":512,"height":512,"name":"touxianTX","imagePath":"touxianTX_tex.png"}