{"frameRate":60,"armature":[{"animation":[{"frame":[],"duration":60,"slot":[{"frame":[{"duration":15,"tweenEasing":0},{"duration":15,"tweenEasing":0},{"duration":30,"tweenEasing":0},{"duration":0,"tweenEasing":null,"color":{"aM":0}}],"name":"Layer4"},{"frame":[{"duration":15,"tweenEasing":0},{"duration":15,"tweenEasing":0},{"duration":30,"tweenEasing":0},{"duration":0,"tweenEasing":null,"color":{"aM":0}}],"name":"Layer3"},{"frame":[{"duration":15,"tweenEasing":0},{"duration":30,"tweenEasing":0},{"duration":15,"tweenEasing":0,"color":{"aM":0}},{"duration":0,"tweenEasing":null,"color":{"aM":0}}],"name":"Layer2"}],"bone":[{"frame":[{"duration":15,"tweenEasing":0,"transform":{"y":1.875,"scX":0,"scY":0,"x":4.6875}},{"duration":15,"tweenEasing":0,"transform":{"y":1.875,"scX":0,"scY":0,"x":4.6875}},{"duration":30,"tweenEasing":0,"transform":{"y":1.25,"x":5}},{"duration":0,"transform":{"y":1.25,"scX":1.4,"scY":1.5,"x":5}}],"name":"Layer4"},{"frame":[{"duration":15,"tweenEasing":0,"transform":{"scX":0,"scY":0}},{"duration":15,"tweenEasing":0,"transform":{"scX":0,"scY":0}},{"duration":30,"tweenEasing":0,"transform":{}},{"duration":0,"transform":{"scX":1.4,"scY":1.4}}],"name":"Layer3"},{"frame":[{"duration":15,"tweenEasing":0,"transform":{"scX":0,"scY":0}},{"duration":30,"tweenEasing":0,"transform":{}},{"duration":15,"tweenEasing":0,"transform":{"scX":1.4,"scY":1.4}},{"duration":0,"transform":{"scX":1.4,"scY":1.4}}],"name":"Layer2"},{"frame":[{"duration":60,"transform":{}}],"name":"root"}],"name":"Animation1","ik":[],"ffd":[]}],"aabb":{"width":167,"y":-58.1733,"height":113,"x":-84.5982},"type":"Armature","name":"armatureName","skin":[{"name":"","slot":[{"display":[{"path":"DQ_03","type":"image","name":"DQ_03","transform":{}}],"name":"Layer4"},{"display":[{"path":"DQ_02","type":"image","name":"DQ_02","transform":{}}],"name":"Layer3"},{"display":[{"path":"DQ_01","type":"image","name":"DQ_01","transform":{}}],"name":"Layer2"}]}],"defaultActions":[{"gotoAndPlay":"Animation1"}],"slot":[{"name":"Layer2","parent":"Layer2","color":{}},{"z":1,"name":"Layer3","parent":"Layer3","color":{}},{"z":2,"name":"Layer4","parent":"Layer4","color":{}}],"bone":[{"name":"root","transform":{}},{"inheritScale":false,"transform":{"y":-1.6733,"x":-1.0982},"name":"Layer2","parent":"root"},{"inheritScale":false,"transform":{"y":-1.6733,"x":-1.0982},"name":"Layer3","parent":"root"},{"inheritScale":false,"transform":{"y":-1.6733,"x":-1.0982},"name":"Layer4","parent":"root"}],"frameRate":60,"ik":[]}],"isGlobal":0,"name":"dinque2","version":"4.0"}