{"armature":[{"ik":[],"skin":[{"name":"","slot":[{"display":[{"path":"zuan_04","type":"image","name":"zuan_04","transform":{}}],"name":"Layer4"},{"display":[{"path":"zuan_01","type":"image","name":"zuan_01","transform":{}}],"name":"Layer1_Copy5"},{"display":[{"path":"zuan_01","type":"image","name":"zuan_01","transform":{}}],"name":"Layer1"},{"display":[{"path":"zuan_03","type":"image","name":"zuan_03","transform":{}}],"name":"Layer3"},{"display":[{"path":"zuan_02","type":"image","name":"zuan_02","transform":{}}],"name":"Layer2"}]}],"type":"Armature","frameRate":60,"aabb":{"width":70.22720000000001,"y":-68.0824,"height":88.3182,"x":-31.0454},"animation":[{"slot":[{"frame":[{"tweenEasing":0,"color":{"aM":0},"duration":24},{"tweenEasing":0,"duration":24},{"tweenEasing":null,"color":{"aM":0},"duration":0}],"name":"Layer1_Copy5"},{"frame":[{"tweenEasing":0,"color":{"aM":0},"duration":24},{"tweenEasing":0,"duration":24},{"tweenEasing":null,"color":{"aM":0},"duration":0}],"name":"Layer1"},{"frame":[{"tweenEasing":0,"color":{"aM":0},"duration":24},{"tweenEasing":0,"duration":24},{"tweenEasing":null,"color":{"aM":0},"duration":0}],"name":"Layer3"},{"frame":[{"tweenEasing":0,"duration":24},{"tweenEasing":0,"duration":24},{"tweenEasing":null,"duration":0}],"name":"Layer2"},{"frame":[{"tweenEasing":0,"color":{"aM":0},"duration":24},{"tweenEasing":0,"duration":24},{"tweenEasing":null,"color":{"aM":0},"duration":0}],"name":"Layer4"}],"frame":[],"duration":48,"playTimes":0,"bone":[{"frame":[{"duration":24,"tweenEasing":0,"transform":{"y":26,"x":-19,"skX":60,"scY":0.5,"skY":60,"scX":0.5}},{"duration":24,"tweenEasing":0,"transform":{"y":26,"x":-19}},{"duration":0,"transform":{"y":26,"x":-19,"skX":60,"scY":0.5,"skY":60,"scX":0.5}}],"name":"Layer1_Copy5"},{"frame":[{"duration":24,"tweenEasing":0,"transform":{"scY":0.5,"scX":0.5}},{"duration":24,"tweenEasing":0,"transform":{"y":6,"skX":60,"skY":60}},{"duration":0,"transform":{"skX":120,"scY":0.5,"skY":120,"scX":0.5}}],"name":"Layer1"},{"frame":[{"duration":24,"tweenEasing":0,"transform":{}},{"duration":24,"tweenEasing":0,"transform":{"y":6}},{"duration":0,"transform":{}}],"name":"Layer3"},{"frame":[{"duration":24,"tweenEasing":0,"transform":{}},{"duration":24,"tweenEasing":0,"transform":{"y":6}},{"duration":0,"transform":{}}],"name":"Layer2"},{"frame":[{"duration":24,"tweenEasing":0,"transform":{"scY":0.5,"scX":0.5}},{"duration":24,"tweenEasing":0,"transform":{"scY":0.8,"scX":0.8}},{"duration":0,"transform":{"scY":1.2,"scX":1.2}}],"name":"Layer4"},{"frame":[{"duration":48,"transform":{}}],"name":"root"}],"ffd":[],"name":"Animation1"}],"slot":[{"name":"Layer4","parent":"Layer4","color":{}},{"z":1,"name":"Layer2","parent":"Layer2","color":{}},{"z":2,"name":"Layer3","parent":"Layer3","color":{}},{"z":3,"name":"Layer1","parent":"Layer1","color":{}},{"z":4,"name":"Layer1_Copy5","parent":"Layer1_Copy5","color":{}}],"defaultActions":[{"gotoAndPlay":"Animation1"}],"bone":[{"name":"root","transform":{}},{"inheritScale":false,"transform":{"y":-26},"name":"Layer3","parent":"root"},{"inheritScale":false,"transform":{"y":-26},"name":"Layer2","parent":"root"},{"inheritScale":false,"transform":{"y":0.7358,"x":-0.5454},"name":"Layer4","parent":"root"},{"inheritScale":false,"transform":{"y":-41.0824,"x":12.1818},"name":"Layer1","parent":"root"},{"inheritScale":false,"transform":{"y":-41.0824,"x":12.1818},"name":"Layer1_Copy5","parent":"root"}],"name":"armatureName"}],"frameRate":60,"name":"zuanshi","version":"4.0","isGlobal":0}