{"armature":[{"defaultActions":[{"gotoAndPlay":"Animation2"}],"slot":[{"name":"se","parent":"se","color":{}},{"z":1,"name":"guan","parent":"guan","color":{}},{"z":2,"name":"kkk_1","parent":"kkk_1","color":{}},{"z":3,"name":"kkk_2","parent":"kkk_2","color":{}},{"z":4,"name":"kkk_3","parent":"kkk_3","color":{}},{"z":5,"name":"X","parent":"X","color":{}},{"z":6,"name":"X_1","parent":"X_1","color":{}},{"z":7,"name":"X_2","parent":"X_2","color":{}},{"z":8,"name":"X_3","parent":"X_3","color":{}},{"z":9,"name":"X_4","parent":"X_4","color":{}},{"z":10,"name":"X_5","parent":"X_5","color":{}},{"z":11,"name":"X_5_1","parent":"X_5_1","color":{}},{"z":12,"name":"X_6","parent":"X_6","color":{}},{"z":13,"name":"X_7","parent":"X_7","color":{}},{"z":14,"name":"X_7_1","parent":"X_7_1","color":{}},{"z":15,"name":"X_7_2","parent":"X_7_2","color":{}},{"z":16,"name":"X_7_3","parent":"X_7_3","color":{}},{"z":17,"name":"X_8","parent":"X_8","color":{}},{"z":18,"name":"X_8_1","parent":"X_8_1","color":{}},{"z":19,"name":"X_8_2","parent":"X_8_2","color":{}},{"z":20,"name":"X_9","parent":"X_9","color":{}},{"z":21,"name":"X_9_1","parent":"X_9_1","color":{}},{"z":22,"name":"X_9_2","parent":"X_9_2","color":{}},{"z":23,"name":"X_18","parent":"X_18","color":{}},{"z":24,"name":"X_13_1","parent":"X_13_1","color":{}},{"z":25,"name":"X_25","parent":"X_25","color":{}},{"z":26,"name":"X_25_1","parent":"X_25_1","color":{}},{"z":27,"name":"X_13","parent":"X_13","color":{}},{"z":28,"name":"X_4_1","parent":"X_4_1","color":{}}],"type":"Armature","frameRate":60,"aabb":{"width":381,"y":-99.5,"height":199,"x":-190.5},"animation":[{"slot":[{"frame":[{"tweenEasing":0,"duration":9},{"tweenEasing":0,"duration":3},{"tweenEasing":0,"duration":24},{"tweenEasing":0,"duration":51},{"tweenEasing":0,"color":{"aM":0},"duration":3},{"tweenEasing":0,"duration":45},{"tweenEasing":null,"color":{"aM":0},"duration":0}],"name":"X_4_1"},{"frame":[{"tweenEasing":0,"duration":33},{"tweenEasing":0,"duration":3},{"tweenEasing":0,"duration":15},{"tweenEasing":0,"color":{"aM":0},"duration":84},{"tweenEasing":null,"color":{"aM":0},"duration":0}],"name":"X_13"},{"frame":[{"tweenEasing":0,"duration":72},{"tweenEasing":0,"duration":3},{"tweenEasing":0,"duration":12},{"tweenEasing":0,"duration":3},{"tweenEasing":0,"duration":45},{"tweenEasing":null,"color":{"aM":0},"duration":0}],"name":"X_25_1"},{"frame":[{"tweenEasing":0,"duration":72},{"tweenEasing":0,"duration":3},{"tweenEasing":0,"duration":12},{"tweenEasing":0,"duration":3},{"tweenEasing":0,"duration":45},{"tweenEasing":null,"color":{"aM":0},"duration":0}],"name":"X_25"},{"frame":[{"tweenEasing":0,"duration":36},{"tweenEasing":0,"duration":3},{"tweenEasing":0,"duration":21},{"tweenEasing":0,"duration":3},{"tweenEasing":0,"duration":72},{"tweenEasing":null,"color":{"aM":0},"duration":0}],"name":"X_13_1"},{"frame":[{"tweenEasing":0,"duration":60},{"tweenEasing":0,"duration":3},{"tweenEasing":0,"duration":51},{"tweenEasing":0,"color":{"aM":0},"duration":21},{"tweenEasing":null,"color":{"aM":0},"duration":0}],"name":"X_18"},{"frame":[{"tweenEasing":0,"duration":30},{"tweenEasing":0,"duration":3},{"tweenEasing":0,"duration":72},{"tweenEasing":0,"color":{"aM":0},"duration":3},{"tweenEasing":0,"duration":27},{"tweenEasing":null,"color":{"aM":0},"duration":0}],"name":"X_9_2"},{"frame":[{"tweenEasing":0,"duration":9},{"tweenEasing":0,"duration":3},{"tweenEasing":0,"duration":51},{"tweenEasing":0,"color":{"aM":0},"duration":72},{"tweenEasing":null,"color":{"aM":0},"duration":0}],"name":"X_9_1"},{"frame":[{"tweenEasing":0,"duration":21},{"tweenEasing":0,"duration":3},{"tweenEasing":0,"duration":66},{"tweenEasing":0,"color":{"aM":0},"duration":45},{"tweenEasing":null,"color":{"aM":0},"duration":0}],"name":"X_9"},{"frame":[{"tweenEasing":0,"duration":15},{"tweenEasing":0,"duration":3},{"tweenEasing":0,"duration":42},{"tweenEasing":0,"color":{"aM":0},"duration":75},{"tweenEasing":null,"color":{"aM":0},"duration":0}],"name":"X_8_2"},{"frame":[{"tweenEasing":0,"duration":15},{"tweenEasing":0,"duration":3},{"tweenEasing":0,"duration":87},{"tweenEasing":0,"color":{"aM":0},"duration":30},{"tweenEasing":null,"color":{"aM":0},"duration":0}],"name":"X_8_1"},{"frame":[{"tweenEasing":0,"duration":12},{"tweenEasing":0,"duration":3},{"tweenEasing":0,"duration":54},{"tweenEasing":0,"color":{"aM":0},"duration":66},{"tweenEasing":null,"color":{"aM":0},"duration":0}],"name":"X_8"},{"frame":[{"tweenEasing":0,"duration":12},{"tweenEasing":0,"duration":3},{"tweenEasing":0,"duration":75},{"tweenEasing":0,"color":{"aM":0},"duration":45},{"tweenEasing":null,"color":{"aM":0},"duration":0}],"name":"X_7_3"},{"frame":[{"tweenEasing":0,"duration":9},{"tweenEasing":0,"duration":3},{"tweenEasing":0,"duration":75},{"tweenEasing":0,"color":{"aM":0},"duration":48},{"tweenEasing":null,"color":{"aM":0},"duration":0}],"name":"X_7_2"},{"frame":[{"tweenEasing":0,"duration":9},{"tweenEasing":0,"duration":3},{"tweenEasing":0,"duration":51},{"tweenEasing":0,"color":{"aM":0},"duration":72},{"tweenEasing":null,"color":{"aM":0},"duration":0}],"name":"X_7_1"},{"frame":[{"tweenEasing":0,"duration":12},{"tweenEasing":0,"duration":3},{"tweenEasing":0,"duration":45},{"tweenEasing":0,"color":{"aM":0},"duration":75},{"tweenEasing":null,"color":{"aM":0},"duration":0}],"name":"X_7"},{"frame":[{"tweenEasing":0,"duration":12},{"tweenEasing":0,"duration":3},{"tweenEasing":0,"duration":81},{"tweenEasing":0,"color":{"aM":0},"duration":39},{"tweenEasing":null,"color":{"aM":0},"duration":0}],"name":"X_6"},{"frame":[{"tweenEasing":0,"duration":3},{"tweenEasing":0,"duration":3},{"tweenEasing":0,"duration":27},{"tweenEasing":0,"color":{"aM":0},"duration":102},{"tweenEasing":null,"color":{"aM":0},"duration":0}],"name":"X_5_1"},{"frame":[{"tweenEasing":0,"duration":3},{"tweenEasing":0,"duration":3},{"tweenEasing":0,"duration":33},{"tweenEasing":0,"color":{"aM":0},"duration":96},{"tweenEasing":null,"color":{"aM":0},"duration":0}],"name":"X_5"},{"frame":[{"tweenEasing":0,"duration":3},{"tweenEasing":0,"duration":3},{"tweenEasing":0,"duration":27},{"tweenEasing":0,"color":{"aM":0},"duration":102},{"tweenEasing":null,"color":{"aM":0},"duration":0}],"name":"X_4"},{"frame":[{"tweenEasing":0,"duration":3},{"tweenEasing":0,"duration":3},{"tweenEasing":0,"color":{"aM":66},"duration":21},{"tweenEasing":0,"color":{"aM":0},"duration":108},{"tweenEasing":null,"color":{"aM":0},"duration":0}],"name":"X_3"},{"frame":[{"tweenEasing":0,"duration":3},{"tweenEasing":0,"duration":33},{"tweenEasing":0,"color":{"aM":0},"duration":99},{"tweenEasing":null,"color":{"aM":0},"duration":0}],"name":"X_2"},{"frame":[{"tweenEasing":0,"duration":69},{"tweenEasing":0,"color":{"aM":0},"duration":66},{"tweenEasing":null,"color":{"aM":0},"duration":0}],"name":"X_1"},{"frame":[{"tweenEasing":0,"duration":42},{"tweenEasing":0,"color":{"aM":0},"duration":93},{"tweenEasing":null,"color":{"aM":0},"duration":0}],"name":"X"},{"frame":[{"tweenEasing":0,"duration":15},{"tweenEasing":0,"duration":15},{"tweenEasing":0,"duration":57},{"tweenEasing":0,"color":{"aM":39},"duration":48},{"tweenEasing":null,"color":{"aM":0},"duration":0}],"name":"kkk_3"},{"frame":[{"tweenEasing":0,"duration":15},{"tweenEasing":0,"duration":48},{"tweenEasing":0,"color":{"aM":0},"duration":72},{"tweenEasing":null,"color":{"aM":0},"duration":0}],"name":"kkk_2"},{"frame":[{"tweenEasing":0,"duration":105},{"tweenEasing":0,"duration":30},{"tweenEasing":null,"color":{"aM":0},"duration":0}],"name":"kkk_1"},{"frame":[{"tweenEasing":0,"color":{"aM":0},"duration":9},{"tweenEasing":0,"color":{"aM":70},"duration":9},{"tweenEasing":0,"duration":24},{"tweenEasing":0,"duration":93},{"tweenEasing":null,"color":{"aM":0},"duration":0}],"name":"guan"},{"frame":[{"tweenEasing":0,"color":{"aM":0},"duration":39},{"tweenEasing":0,"duration":96},{"tweenEasing":null,"color":{"aM":0},"duration":0}],"name":"se"}],"frame":[],"duration":135,"bone":[{"frame":[{"duration":9,"tweenEasing":0,"transform":{"y":-17.8873,"x":33.3842,"scY":0,"scX":0}},{"duration":3,"tweenEasing":0,"transform":{"y":-17.8873,"x":33.3842,"scY":0,"scX":0}},{"duration":24,"tweenEasing":0,"transform":{"y":-69.792,"x":-49.4729,"scY":0.5826,"scX":0.5826}},{"duration":51,"tweenEasing":0,"transform":{"y":-77.4111,"x":-46.6158,"scY":0.4826,"scX":0.4826}},{"duration":3,"tweenEasing":0,"transform":{"y":-85.9825,"x":-68.5205,"scY":0.2826,"scX":0.2826}},{"duration":45,"tweenEasing":0,"transform":{"y":-85.9825,"x":-68.5205,"scY":0,"scX":0}},{"duration":0,"transform":{"y":-85.9825,"x":-68.5205,"scY":0,"scX":0}}],"name":"X_4_1"},{"frame":[{"duration":33,"tweenEasing":0,"transform":{"y":-17.8873,"x":33.3842,"scY":0,"scX":0}},{"duration":3,"tweenEasing":0,"transform":{"y":-17.8873,"x":33.3842,"scY":0,"scX":0}},{"duration":15,"tweenEasing":0,"transform":{"y":-69.792,"x":-49.4729,"scY":0.5826,"scX":0.5826}},{"duration":84,"tweenEasing":0,"transform":{"y":-107.411,"x":-71.3777,"scY":0.3826,"scX":0.3826}},{"duration":0,"transform":{"y":-107.411,"x":-71.3777,"scY":0,"scX":0}}],"name":"X_13"},{"frame":[{"duration":72,"tweenEasing":0,"transform":{"y":38.1027,"x":41.6298,"scY":0,"scX":0}},{"duration":3,"tweenEasing":0,"transform":{"y":38.1027,"x":41.6298,"scY":0,"scX":0}},{"duration":12,"tweenEasing":0,"transform":{"y":38.1027,"x":41.6298,"scY":0.5826,"scX":0.5826}},{"duration":3,"tweenEasing":0,"transform":{"y":43.3659,"x":46.893,"scY":0.5826,"scX":0.5826}},{"duration":45,"tweenEasing":0,"transform":{"y":43.3659,"x":46.893,"scY":0,"scX":0}},{"duration":0,"transform":{"y":43.3659,"x":46.893,"scY":0,"scX":0}}],"name":"X_25_1"},{"frame":[{"duration":72,"tweenEasing":0,"transform":{"y":-8.7394,"x":-35.7386,"scY":0,"scX":0}},{"duration":3,"tweenEasing":0,"transform":{"y":-8.7394,"x":-35.7386,"scY":0,"scX":0}},{"duration":12,"tweenEasing":0,"transform":{"y":-8.7394,"x":-35.7386,"scY":0.5826,"scX":0.5826}},{"duration":3,"tweenEasing":0,"transform":{"y":-14.0025,"x":-29.9491,"scY":0.5826,"scX":0.5826}},{"duration":45,"tweenEasing":0,"transform":{"y":-14.0025,"x":-29.9491,"scY":0,"scX":0}},{"duration":0,"transform":{"y":-14.0025,"x":-29.9491,"scY":0,"scX":0}}],"name":"X_25"},{"frame":[{"duration":36,"tweenEasing":0,"transform":{"y":123.7794,"x":5.0509,"scY":0,"scX":0}},{"duration":3,"tweenEasing":0,"transform":{"y":123.7794,"x":5.0509,"scY":0,"scX":0}},{"duration":21,"tweenEasing":0,"transform":{"y":123.7794,"x":5.0509,"scY":0.5826,"scX":0.5826}},{"duration":3,"tweenEasing":0,"transform":{"y":159.4937,"x":5.0509,"scY":0.3826,"scX":0.3826}},{"duration":72,"tweenEasing":0,"transform":{"y":159.4937,"x":5.0509,"scY":0,"scX":0}},{"duration":0,"transform":{"y":159.4937,"x":5.0509,"scY":0,"scX":0}}],"name":"X_13_1"},{"frame":[{"duration":60,"tweenEasing":0,"transform":{"y":-17.8873,"x":33.3842,"scY":0,"scX":0}},{"duration":3,"tweenEasing":0,"transform":{"y":-17.8873,"x":33.3842,"scY":0,"scX":0}},{"duration":51,"tweenEasing":0,"transform":{"y":0.208,"x":-89.9491,"scY":0.5826,"scX":0.5826}},{"duration":21,"tweenEasing":0,"transform":{"y":7.827,"x":-96.1396,"scY":0.2826,"scX":0.2826}},{"duration":0,"transform":{"y":7.827,"x":-96.1396,"scY":0,"scX":0}}],"name":"X_18"},{"frame":[{"duration":30,"tweenEasing":0,"transform":{"y":-17.8873,"x":33.3842,"scY":0,"scX":0}},{"duration":3,"tweenEasing":0,"transform":{"y":-17.8873,"x":33.3842,"scY":0,"scX":0}},{"duration":72,"tweenEasing":0,"transform":{"y":-17.8873,"x":33.3842,"scY":0.5826,"scX":0.5826}},{"duration":3,"tweenEasing":0,"transform":{"y":-19.3158,"x":18.1461,"scY":0.1826,"scX":0.1826}},{"duration":27,"tweenEasing":0,"transform":{"y":-19.3158,"x":18.1461,"scY":0,"scX":0}},{"duration":0,"transform":{"y":-19.3158,"x":18.1461,"scY":0,"scX":0}}],"name":"X_9_2"},{"frame":[{"duration":9,"tweenEasing":0,"transform":{"y":-1.6968,"x":-11.3777,"scY":0,"scX":0}},{"duration":3,"tweenEasing":0,"transform":{"y":-1.6968,"x":-11.3777,"scY":0,"scX":0}},{"duration":51,"tweenEasing":0,"transform":{"y":-1.6968,"x":-11.3777,"scY":0.5826,"scX":0.5826}},{"duration":72,"tweenEasing":0,"transform":{"y":-12.6492,"x":-25.6634,"scY":0.3826,"scX":0.3826}},{"duration":0,"transform":{"y":-12.6492,"x":-25.6634,"scY":0,"scX":0}}],"name":"X_9_1"},{"frame":[{"duration":21,"tweenEasing":0,"transform":{"y":40.208,"x":-44.711,"scY":0,"scX":0}},{"duration":3,"tweenEasing":0,"transform":{"y":40.208,"x":-44.711,"scY":0,"scX":0}},{"duration":66,"tweenEasing":0,"transform":{"y":40.208,"x":-44.711,"scY":0.5826,"scX":0.5826}},{"duration":45,"tweenEasing":0,"transform":{"y":54.9699,"x":-23.7587,"scY":0.3826,"scX":0.3826}},{"duration":0,"transform":{"y":54.9699,"x":-23.7587,"scY":0,"scX":0}}],"name":"X_9"},{"frame":[{"duration":15,"tweenEasing":0,"transform":{"y":118.7807,"x":7.3684,"scY":0,"scX":0}},{"duration":3,"tweenEasing":0,"transform":{"y":118.7807,"x":7.3684,"scY":0,"scX":0}},{"duration":42,"tweenEasing":0,"transform":{"y":59.1068,"x":-87.9848,"scY":0.4826,"scX":0.4826}},{"duration":75,"tweenEasing":0,"transform":{"y":93.4818,"x":-151.7348,"scY":0.2826,"scX":0.2826}},{"duration":0,"transform":{"y":93.4818,"x":-151.7348,"scY":0,"scX":0}}],"name":"X_8_2"},{"frame":[{"duration":15,"tweenEasing":0,"transform":{"y":118.7807,"x":7.3684,"scY":0,"scX":0}},{"duration":3,"tweenEasing":0,"transform":{"y":118.7807,"x":7.3684,"scY":0,"scX":0}},{"duration":87,"tweenEasing":0,"transform":{"y":118.7807,"x":7.3684,"scY":0.5,"scX":0.5}},{"duration":30,"tweenEasing":0,"transform":{"y":126.2807,"x":27.9934,"scY":0.1,"scX":0.1}},{"duration":0,"transform":{"y":126.2807,"x":27.9934,"scY":0,"scX":0}}],"name":"X_8_1"},{"frame":[{"duration":12,"tweenEasing":0,"transform":{"y":-58.7847,"x":57.3299,"scY":0,"scX":0}},{"duration":3,"tweenEasing":0,"transform":{"y":-58.7847,"x":57.3299,"scY":0,"scX":0}},{"duration":54,"tweenEasing":0,"transform":{"y":-58.7847,"x":57.3299,"scY":0.4901,"scX":0.4901}},{"duration":66,"tweenEasing":0,"transform":{"y":-52.4689,"x":39.9615,"scY":0.4901,"scX":0.4901}},{"duration":0,"transform":{"y":-52.4689,"x":39.9615,"scY":0,"scX":0}}],"name":"X_8"},{"frame":[{"duration":12,"tweenEasing":0,"transform":{"y":-7.0088,"x":-100,"scY":0,"scX":0}},{"duration":3,"tweenEasing":0,"transform":{"y":-7.0088,"x":-100,"scY":0,"scX":0}},{"duration":75,"tweenEasing":0,"transform":{"y":-8.3772,"x":20,"scY":0.5,"scX":0.5}},{"duration":45,"tweenEasing":0,"transform":{"y":19.8801,"x":-17.731,"scY":0.3111,"scX":0.3111}},{"duration":0,"transform":{"y":121.8801,"x":-70.731,"scY":0,"scX":0}}],"name":"X_7_3"},{"frame":[{"duration":9,"tweenEasing":0,"transform":{"y":-7.0088,"x":-100,"scY":0,"scX":0}},{"duration":3,"tweenEasing":0,"transform":{"y":-7.0088,"x":-100,"scY":0,"scX":0}},{"duration":75,"tweenEasing":0,"transform":{"y":-7.0088,"x":-100,"scY":0.5,"scX":0.5}},{"duration":48,"tweenEasing":0,"transform":{"y":-25.4298,"x":-104.7368,"scY":0.3,"scX":0.3}},{"duration":0,"transform":{"y":-25.4298,"x":-104.7368,"scY":0,"scX":0}}],"name":"X_7_2"},{"frame":[{"duration":9,"tweenEasing":0,"transform":{"y":112.4649,"x":-12.1053,"scY":0,"scX":0}},{"duration":3,"tweenEasing":0,"transform":{"y":112.4649,"x":-12.1053,"scY":0,"scX":0}},{"duration":51,"tweenEasing":0,"transform":{"y":112.4649,"x":-12.1053,"scY":0.5,"scX":0.5}},{"duration":72,"tweenEasing":0,"transform":{"y":106.1491,"x":-4.2105,"scY":0.3,"scX":0.3}},{"duration":0,"transform":{"y":106.1491,"x":-4.2105,"scY":0,"scX":0}}],"name":"X_7_1"},{"frame":[{"duration":12,"tweenEasing":0,"transform":{"y":39.8333,"x":-90,"scY":0,"scX":0}},{"duration":3,"tweenEasing":0,"transform":{"y":39.8333,"x":-90,"scY":0,"scX":0}},{"duration":45,"tweenEasing":0,"transform":{"y":39.8333,"x":-90,"scY":0.5,"scX":0.5}},{"duration":75,"tweenEasing":0,"transform":{"y":94.5701,"x":-148.9473,"scY":0.2,"scX":0.2}},{"duration":0,"transform":{"y":94.5701,"x":-148.9473,"scY":0,"scX":0}}],"name":"X_7"},{"frame":[{"duration":12,"tweenEasing":0,"transform":{"y":43.8333,"x":-22.5,"scY":0,"scX":0}},{"duration":3,"tweenEasing":0,"transform":{"y":43.8333,"x":-22.5,"scY":0,"scX":0}},{"duration":81,"tweenEasing":0,"transform":{"y":43.8333,"x":-22.5,"scY":0.6,"scX":0.6}},{"duration":39,"tweenEasing":0,"transform":{"y":55.9386,"x":-27.7632,"scY":0.2,"scX":0.2}},{"duration":0,"transform":{"y":55.9386,"x":-27.7632,"scY":0,"scX":0}}],"name":"X_6"},{"frame":[{"duration":3,"tweenEasing":0,"transform":{"y":-97.5903,"x":11.5172,"scY":0,"scX":0}},{"duration":3,"tweenEasing":0,"transform":{"y":-97.5903,"x":11.5172,"scY":0,"scX":0}},{"duration":27,"tweenEasing":0,"transform":{"y":-97.5903,"x":11.5172,"scY":0.3,"scX":0.3}},{"duration":102,"tweenEasing":0,"transform":{"y":-166.5903,"x":26.0172,"scY":0.3,"scX":0.3}},{"duration":0,"transform":{"y":-166.5903,"x":26.0172,"scY":0,"scX":0}}],"name":"X_5_1"},{"frame":[{"duration":3,"tweenEasing":0,"transform":{"y":-30.8046,"x":-118.4828,"scY":0,"scX":0}},{"duration":3,"tweenEasing":0,"transform":{"y":-30.8046,"x":-118.4828,"scY":0,"scX":0}},{"duration":33,"tweenEasing":0,"transform":{"y":-30.8046,"x":-118.4828,"scY":0.3,"scX":0.3}},{"duration":96,"tweenEasing":0,"transform":{"y":-49.0654,"x":-181.961,"scY":0.3,"scX":0.3}},{"duration":0,"transform":{"y":-49.0654,"x":-181.961,"scY":0,"scX":0}}],"name":"X_5"},{"frame":[{"duration":3,"tweenEasing":0,"transform":{"y":-40.1149,"x":-130.8966,"scY":0,"scX":0}},{"duration":3,"tweenEasing":0,"transform":{"y":-40.1149,"x":-130.8966,"scY":0,"scX":0}},{"duration":27,"tweenEasing":0,"transform":{"y":-40.1149,"x":-130.8966,"scY":0.3,"scX":0.3}},{"duration":102,"tweenEasing":0,"transform":{"y":-73.1584,"x":-191.7662,"scY":0.3,"scX":0.3}},{"duration":0,"transform":{"y":-73.1584,"x":-191.7662,"scY":0,"scX":0}}],"name":"X_4"},{"frame":[{"duration":3,"tweenEasing":0,"transform":{"y":-66.1667,"x":-103.5,"scY":0,"scX":0}},{"duration":3,"tweenEasing":0,"transform":{"y":-66.1667,"x":-103.5,"scY":0,"scX":0}},{"duration":21,"tweenEasing":0,"transform":{"y":-66.1667,"x":-103.5,"scY":0.5,"scX":0.5}},{"duration":108,"tweenEasing":0,"transform":{"y":-116.6014,"x":-177.8478,"scY":0.5,"scX":0.5}},{"duration":0,"transform":{"y":-116.6014,"x":-177.8478,"scY":0,"scX":0}}],"name":"X_3"},{"frame":[{"duration":3,"tweenEasing":0,"transform":{"y":-106,"x":17.3333,"scY":0,"scX":0}},{"duration":33,"tweenEasing":0,"transform":{"y":-106,"x":17.3333,"scY":0.4,"scX":0.4}},{"duration":99,"tweenEasing":0,"transform":{"y":-181,"x":41,"scY":0.0615,"scX":0.0615}},{"duration":0,"transform":{"y":-181,"x":41,"scY":0,"scX":0}}],"name":"X_2"},{"frame":[{"duration":69,"tweenEasing":0,"transform":{"y":-5.6667,"x":-9}},{"duration":66,"tweenEasing":0,"transform":{"y":-166,"x":-50.6667,"scY":0,"scX":0}},{"duration":0,"transform":{"y":-166,"x":-50.6667,"scY":0,"scX":0}}],"name":"X_1"},{"frame":[{"duration":42,"tweenEasing":0,"transform":{"y":-106.6667,"x":-34}},{"duration":93,"tweenEasing":0,"transform":{"y":-166,"x":-50.6667,"scY":0,"scX":0}},{"duration":0,"transform":{"y":-166,"x":-50.6667,"scY":0,"scX":0}}],"name":"X"},{"frame":[{"duration":15,"tweenEasing":0,"transform":{}},{"duration":15,"tweenEasing":0,"transform":{}},{"duration":57,"tweenEasing":0,"transform":{"scY":1.12,"scX":1.12}},{"duration":48,"tweenEasing":0,"transform":{"scY":1.3,"scX":1.3}},{"duration":0,"transform":{"scY":1.36,"scX":1.36}}],"name":"kkk_3"},{"frame":[{"duration":15,"tweenEasing":0,"transform":{}},{"duration":48,"tweenEasing":0,"transform":{"scY":1.22,"scX":1.22}},{"duration":72,"tweenEasing":0,"transform":{"scY":1.46,"scX":1.46}},{"duration":0,"transform":{"scY":1.46,"scX":1.46}}],"name":"kkk_2"},{"frame":[{"duration":105,"tweenEasing":0,"transform":{}},{"duration":30,"tweenEasing":0,"transform":{}},{"duration":0,"transform":{}}],"name":"kkk_1"},{"frame":[{"duration":9,"tweenEasing":0,"transform":{"y":43,"x":-55,"scY":0.6,"scX":0.6}},{"duration":9,"tweenEasing":0,"transform":{"y":43,"x":-55,"scY":0.7,"scX":0.7}},{"duration":24,"tweenEasing":0,"transform":{"y":43,"x":-37.4688,"scY":0.8,"scX":0.8}},{"duration":93,"tweenEasing":0,"transform":{"y":43,"x":9.2812}},{"duration":0,"transform":{"y":43,"x":132,"scY":0.5,"scX":0.9}}],"name":"guan"},{"frame":[{"duration":39,"tweenEasing":0,"transform":{"scY":0.8,"scX":0.8}},{"duration":96,"tweenEasing":0,"transform":{"scY":0.8,"scX":0.8}},{"duration":0,"transform":{"scY":0.8,"scX":0.8}}],"name":"se"},{"frame":[{"duration":135,"transform":{}}],"name":"root"}],"ffd":[],"name":"Animation2"}],"ik":[],"skin":[{"name":"","slot":[{"display":[{"path":"sltx_3","type":"image","name":"sltx_3","transform":{}}],"name":"guan"},{"display":[{"path":"sltx_1","type":"image","name":"sltx_1","transform":{}}],"name":"X_7_1"},{"display":[{"path":"sltx_1","type":"image","name":"sltx_1","transform":{}}],"name":"X_5"},{"display":[{"path":"sltx_1","type":"image","name":"sltx_1","transform":{}}],"name":"X_25_1"},{"display":[{"path":"sltx_1","type":"image","name":"sltx_1","transform":{}}],"name":"X_1"},{"display":[{"path":"sltx_1","type":"image","name":"sltx_1","transform":{}}],"name":"X_9_2"},{"display":[{"path":"sltx_2_2","type":"image","name":"sltx_2_2","transform":{}}],"name":"kkk_1"},{"display":[{"path":"sltx_1","type":"image","name":"sltx_1","transform":{}}],"name":"X_8_1"},{"display":[{"path":"sltx_1","type":"image","name":"sltx_1","transform":{}}],"name":"X_7_2"},{"display":[{"path":"sltx_1","type":"image","name":"sltx_1","transform":{}}],"name":"X_5_1"},{"display":[{"path":"sltx_1","type":"image","name":"sltx_1","transform":{}}],"name":"X_13"},{"display":[{"path":"sltx_1","type":"image","name":"sltx_1","transform":{}}],"name":"X_2"},{"display":[{"path":"sltx_1","type":"image","name":"sltx_1","transform":{}}],"name":"X_18"},{"display":[{"path":"sltx_2_2","type":"image","name":"sltx_2_2","transform":{}}],"name":"kkk_2"},{"display":[{"path":"sltx_1","type":"image","name":"sltx_1","transform":{}}],"name":"X_8_2"},{"display":[{"path":"sltx_1","type":"image","name":"sltx_1","transform":{}}],"name":"X_7_3"},{"display":[{"path":"sltx_1","type":"image","name":"sltx_1","transform":{}}],"name":"X_6"},{"display":[{"path":"sltx_1","type":"image","name":"sltx_1","transform":{}}],"name":"X_4_1"},{"display":[{"path":"sltx_1","type":"image","name":"sltx_1","transform":{}}],"name":"X_3"},{"display":[{"path":"sltx_1","type":"image","name":"sltx_1","transform":{}}],"name":"X_13_1"},{"display":[{"path":"sltx_2_2","type":"image","name":"sltx_2_2","transform":{}}],"name":"kkk_3"},{"display":[{"path":"sltx_1","type":"image","name":"sltx_1","transform":{}}],"name":"X_9"},{"display":[{"path":"sltx_1","type":"image","name":"sltx_1","transform":{}}],"name":"X_8"},{"display":[{"path":"sltx_4","type":"image","name":"sltx_4","transform":{}}],"name":"se"},{"display":[{"path":"sltx_1","type":"image","name":"sltx_1","transform":{}}],"name":"X_7"},{"display":[{"path":"sltx_1","type":"image","name":"sltx_1","transform":{}}],"name":"X_4"},{"display":[{"path":"sltx_1","type":"image","name":"sltx_1","transform":{}}],"name":"X_25"},{"display":[{"path":"sltx_1","type":"image","name":"sltx_1","transform":{}}],"name":"X"},{"display":[{"path":"sltx_1","type":"image","name":"sltx_1","transform":{}}],"name":"X_9_1"}]}],"bone":[{"name":"root","transform":{}},{"inheritScale":false,"transform":{},"name":"X_7_1","parent":"root"},{"inheritScale":false,"transform":{},"name":"guan","parent":"root"},{"inheritScale":false,"transform":{},"name":"kkk_1","parent":"root"},{"inheritScale":false,"transform":{},"name":"kkk_2","parent":"root"},{"inheritScale":false,"transform":{},"name":"kkk_3","parent":"root"},{"inheritScale":false,"transform":{},"name":"X","parent":"root"},{"inheritScale":false,"transform":{},"name":"X_1","parent":"root"},{"inheritScale":false,"transform":{},"name":"X_2","parent":"root"},{"inheritScale":false,"transform":{},"name":"X_3","parent":"root"},{"inheritScale":false,"transform":{},"name":"X_4","parent":"root"},{"inheritScale":false,"transform":{},"name":"X_5","parent":"root"},{"inheritScale":false,"transform":{},"name":"X_5_1","parent":"root"},{"inheritScale":false,"transform":{},"name":"X_6","parent":"root"},{"inheritScale":false,"transform":{},"name":"X_7","parent":"root"},{"inheritScale":false,"transform":{},"name":"se","parent":"root"},{"inheritScale":false,"transform":{},"name":"X_7_2","parent":"root"},{"inheritScale":false,"transform":{},"name":"X_7_3","parent":"root"},{"inheritScale":false,"transform":{},"name":"X_8","parent":"root"},{"inheritScale":false,"transform":{},"name":"X_8_1","parent":"root"},{"inheritScale":false,"transform":{},"name":"X_8_2","parent":"root"},{"inheritScale":false,"transform":{},"name":"X_9","parent":"root"},{"inheritScale":false,"transform":{},"name":"X_9_1","parent":"root"},{"inheritScale":false,"transform":{},"name":"X_9_2","parent":"root"},{"inheritScale":false,"transform":{},"name":"X_18","parent":"root"},{"inheritScale":false,"transform":{},"name":"X_13_1","parent":"root"},{"inheritScale":false,"transform":{},"name":"X_25","parent":"root"},{"inheritScale":false,"transform":{},"name":"X_25_1","parent":"root"},{"inheritScale":false,"transform":{},"name":"X_13","parent":"root"},{"inheritScale":false,"transform":{},"name":"X_4_1","parent":"root"}],"name":"armatureName"}],"frameRate":60,"name":"SLTX_shuchu","version":"4.0","isGlobal":0}